$MeshFormat
2.2 0 8
$EndMeshFormat
$PhysicalNames
6
2 201 "base_boundary"
2 202 "upstream_face"
2 203 "dam_foundation_interface"
2 204 "crest_boundary"
3 101 "dam_body"
3 102 "foundation_body"
$EndPhysicalNames
$Nodes
1480
1 0 0 0
2 80 0 0
3 80 100 0
4 70 100 0
5 0 100 0
6 -200 -40 0
7 240 -40 0
8 -200 -40 30
9 240 -40 30
10 0 100 30
11 0 0 30
12 80 0 30
13 70 100 30
14 80 100 30
15 4.999999999995598 0 0
16 9.999999999991752 0 0
17 14.9999999999775 0 0
18 19.9999999999629 0 0
19 24.99999999994829 0 0
20 29.99999999993369 0 0
21 34.99999999993158 0 0
22 39.99999999993918 0 0
23 44.99999999994678 0 0
24 49.99999999995438 0 0
25 54.99999999996199 0 0
26 59.99999999996959 0 0
27 64.99999999997719 0 0
28 69.99999999998479 0 0
29 74.9999999999924 0 0
30 80 4.999999999979755 0
31 80 9.999999999961581 0
32 80 14.99999999994008 0
33 80 19.99999999991413 0
34 80 24.99999999988819 0
35 80 29.99999999986224 0
36 80 34.99999999984823 0
37 80 39.99999999984005 0
38 80 44.99999999983187 0
39 80 49.99999999982369 0
40 80 54.99999999981551 0
41 80 59.99999999980733 0
42 80 64.99999999980859 0
43 80 69.99999999983592 0
44 80 74.99999999986328 0
45 80 79.99999999989062 0
46 80 84.99999999991796 0
47 80 89.9999999999453 0
48 80 94.99999999997266 0
49 75 100 0
50 64.99999999997878 100 0
51 60.0000000000008 100 0
52 55.00000000003033 100 0
53 50.00000000005987 100 0
54 45.00000000008941 100 0
55 40.00000000011896 100 0
56 35.0000000001471 100 0
57 30.00000000012728 100 0
58 25.00000000010606 100 0
59 20.00000000008485 100 0
60 15.00000000006364 100 0
61 10.00000000004243 100 0
62 5.000000000021217 100 0
63 0 95.00000000003553 0
64 0 90.00000000007105 0
65 0 85.00000000010658 0
66 0 80.00000000014211 0
67 0 75.00000000017764 0
68 0 70.00000000021316 0
69 0 65.00000000024869 0
70 0 60.00000000025813 0
71 0 55.00000000025813 0
72 0 50.00000000025813 0
73 0 45.00000000025813 0
74 0 40.00000000025814 0
75 0 35.0000000002487 0
76 0 30.00000000021316 0
77 0 25.00000000017765 0
78 0 20.00000000014211 0
79 0 15.00000000010658 0
80 0 10.00000000007105 0
81 0 5.000000000035527 0
82 -4.837912470011911 -0.9675824940023823 0
83 -9.792852447610484 -1.958570489522097 0
84 -14.86764923625636 -2.973529847251272 0
85 -20.06520208656972 -4.013040417313944 0
86 -25.38848243531312 -5.077696487062623 0
87 -30.84053170699752 -6.168106341399504 0
88 -36.42446153762243 -7.284892307524485 0
89 -42.14346559817926 -8.428693119635852 0
90 -48.00080936419162 -9.600161872838324 0
91 -53.99983998757932 -10.79996799751586 0
92 -60.14398492507161 -12.02879698501432 0
93 -66.43675369993018 -13.28735073998604 0
94 -72.88174157698498 -14.576348315397 0
95 -79.48263053701832 -15.89652610740367 0
96 -86.24319259968334 -17.24863851993667 0
97 -93.16728900218966 -18.63345780043793 0
98 -100.2588774043451 -20.05177548086901 0
99 -107.5220069636722 -21.50440139273443 0
100 -114.9608298210061 -22.99216596420123 0
101 -122.5795937957494 -24.51591875914988 0
102 -130.3826520698287 -26.07653041396574 0
103 -138.3744630909973 -27.67489261819946 0
104 -146.5595943117384 -29.31191886234768 0
105 -154.9427191449132 -30.98854382898264 0
106 -163.5286273957543 -32.70572547915086 0
107 -172.3222247705703 -34.46444495411405 0
108 -181.3285343991039 -36.26570687982078 0
109 -190.5527042582425 -38.11054085164849 0
110 -190.0000000000323 -40 0
111 -180.0000000000646 -40 0
112 -170.0000000000969 -40 0
113 -160.0000000001292 -40 0
114 -150.0000000001615 -40 0
115 -140.0000000001938 -40 0
116 -130.0000000002261 -40 0
117 -120.0000000002584 -40 0
118 -110.0000000002907 -40 0
119 -100.000000000323 -40 0
120 -90.00000000035527 -40 0
121 -80.00000000038756 -40 0
122 -70.00000000041985 -40 0
123 -60.00000000045216 -40 0
124 -50.00000000048445 -40 0
125 -40.00000000051676 -40 0
126 -30.00000000054905 -40 0
127 -20.00000000058134 -40 0
128 -10.00000000061365 -40 0
129 -6.459401902247919e-10 -40 0
130 9.999999999321744 -40 0
131 19.999999999295 -40 0
132 29.99999999932177 -40 0
133 39.99999999935403 -40 0
134 49.99999999938638 -40 0
135 59.99999999941866 -40 0
136 69.99999999945095 -40 0
137 79.99999999948324 -40 0
138 89.99999999951552 -40 0
139 99.99999999954781 -40 0
140 109.9999999995802 -40 0
141 119.9999999996124 -40 0
142 129.9999999996447 -40 0
143 139.9999999996771 -40 0
144 149.9999999997093 -40 0
145 159.9999999997416 -40 0
146 169.9999999997739 -40 0
147 179.9999999998062 -40 0
148 189.9999999998385 -40 0
149 199.9999999998709 -40 0
150 209.9999999999031 -40 0
151 219.9999999999354 -40 0
152 229.9999999999677 -40 0
153 230.5000832546166 -37.62502081365415 0
154 221.2821906941259 -35.32054767353146 0
155 212.3379501680234 -33.08448754200585 0
156 203.6592419530543 -30.91481048826359 0
157 195.2381790360532 -28.80954475901329 0
158 187.0671175425138 -26.76677938562845 0
159 179.138627578125 -24.78465689453126 0
160 171.4455178704581 -22.86137946761452 0
161 163.9807899038198 -20.99519747595494 0
162 156.7376723905082 -19.18441809762705 0
163 149.7095825837132 -17.4273956459283 0
164 142.8901366346458 -15.72253415866144 0
165 136.2731428267971 -14.06828570669927 0
166 129.8525883520894 -12.46314708802234 0
167 123.6226427623646 -10.90566069059115 0
168 117.5776463530219 -9.39441158825548 0
169 111.7121104189508 -7.928027604737693 0
170 106.0207055061186 -6.505176376529647 0
171 100.4982631521828 -5.1245657880457 0
172 95.13976688693506 -3.784941721733766 0
173 89.94034941098317 -2.485087352745794 0
174 84.89528816165065 -1.223822040412664 0
175 -190.0000000000323 -40 30
176 -180.0000000000646 -40 30
177 -170.0000000000969 -40 30
178 -160.0000000001292 -40 30
179 -150.0000000001615 -40 30
180 -140.0000000001938 -40 30
181 -130.0000000002261 -40 30
182 -120.0000000002584 -40 30
183 -110.0000000002907 -40 30
184 -100.000000000323 -40 30
185 -90.00000000035527 -40 30
186 -80.00000000038756 -40 30
187 -70.00000000041985 -40 30
188 -60.00000000045216 -40 30
189 -50.00000000048445 -40 30
190 -40.00000000051676 -40 30
191 -30.00000000054905 -40 30
192 -20.00000000058134 -40 30
193 -10.00000000061365 -40 30
194 -6.459401902247919e-10 -40 30
195 9.999999999321744 -40 30
196 19.999999999295 -40 30
197 29.99999999932177 -40 30
198 39.99999999935403 -40 30
199 49.99999999938638 -40 30
200 59.99999999941866 -40 30
201 69.99999999945095 -40 30
202 79.99999999948324 -40 30
203 89.99999999951552 -40 30
204 99.99999999954781 -40 30
205 109.9999999995802 -40 30
206 119.9999999996124 -40 30
207 129.9999999996447 -40 30
208 139.9999999996771 -40 30
209 149.9999999997093 -40 30
210 159.9999999997416 -40 30
211 169.9999999997739 -40 30
212 179.9999999998062 -40 30
213 189.9999999998385 -40 30
214 199.9999999998709 -40 30
215 209.9999999999031 -40 30
216 219.9999999999354 -40 30
217 229.9999999999677 -40 30
218 0 95.00000000003553 30
219 0 90.00000000007105 30
220 0 85.00000000010658 30
221 0 80.00000000014211 30
222 0 75.00000000017764 30
223 0 70.00000000021316 30
224 0 65.00000000024869 30
225 0 60.00000000025813 30
226 0 55.00000000025813 30
227 0 50.00000000025813 30
228 0 45.00000000025813 30
229 0 40.00000000025814 30
230 0 35.0000000002487 30
231 0 30.00000000021316 30
232 0 25.00000000017765 30
233 0 20.00000000014211 30
234 0 15.00000000010658 30
235 0 10.00000000007105 30
236 0 5.000000000035527 30
237 4.999999999995598 0 30
238 9.999999999991752 0 30
239 14.9999999999775 0 30
240 19.9999999999629 0 30
241 24.99999999994829 0 30
242 29.99999999993369 0 30
243 34.99999999993158 0 30
244 39.99999999993918 0 30
245 44.99999999994678 0 30
246 49.99999999995438 0 30
247 54.99999999996199 0 30
248 59.99999999996959 0 30
249 64.99999999997719 0 30
250 69.99999999998479 0 30
251 74.9999999999924 0 30
252 64.99999999997878 100 30
253 60.0000000000008 100 30
254 55.00000000003033 100 30
255 50.00000000005987 100 30
256 45.00000000008941 100 30
257 40.00000000011896 100 30
258 35.0000000001471 100 30
259 30.00000000012728 100 30
260 25.00000000010606 100 30
261 20.00000000008485 100 30
262 15.00000000006364 100 30
263 10.00000000004243 100 30
264 5.000000000021217 100 30
265 80 4.999999999979755 30
266 80 9.999999999961581 30
267 80 14.99999999994008 30
268 80 19.99999999991413 30
269 80 24.99999999988819 30
270 80 29.99999999986224 30
271 80 34.99999999984823 30
272 80 39.99999999984005 30
273 80 44.99999999983187 30
274 80 49.99999999982369 30
275 80 54.99999999981551 30
276 80 59.99999999980733 30
277 80 64.99999999980859 30
278 80 69.99999999983592 30
279 80 74.99999999986328 30
280 80 79.99999999989062 30
281 80 84.99999999991796 30
282 80 89.9999999999453 30
283 80 94.99999999997266 30
284 75 100 30
285 -4.837912470011911 -0.9675824940023823 30
286 -9.792852447610484 -1.958570489522097 30
287 -14.86764923625636 -2.973529847251272 30
288 -20.06520208656972 -4.013040417313944 30
289 -25.38848243531312 -5.077696487062623 30
290 -30.84053170699752 -6.168106341399504 30
291 -36.42446153762243 -7.284892307524485 30
292 -42.14346559817926 -8.428693119635852 30
293 -48.00080936419162 -9.600161872838324 30
294 -53.99983998757932 -10.79996799751586 30
295 -60.14398492507161 -12.02879698501432 30
296 -66.43675369993018 -13.28735073998604 30
297 -72.88174157698498 -14.576348315397 30
298 -79.48263053701832 -15.89652610740367 30
299 -86.24319259968334 -17.24863851993667 30
300 -93.16728900218966 -18.63345780043793 30
301 -100.2588774043451 -20.05177548086901 30
302 -107.5220069636722 -21.50440139273443 30
303 -114.9608298210061 -22.99216596420123 30
304 -122.5795937957494 -24.51591875914988 30
305 -130.3826520698287 -26.07653041396574 30
306 -138.3744630909973 -27.67489261819946 30
307 -146.5595943117384 -29.31191886234768 30
308 -154.9427191449132 -30.98854382898264 30
309 -163.5286273957543 -32.70572547915086 30
310 -172.3222247705703 -34.46444495411405 30
311 -181.3285343991039 -36.26570687982078 30
312 -190.5527042582425 -38.11054085164849 30
313 230.5000832546166 -37.62502081365415 30
314 221.2821906941259 -35.32054767353146 30
315 212.3379501680234 -33.08448754200585 30
316 203.6592419530543 -30.91481048826359 30
317 195.2381790360532 -28.80954475901329 30
318 187.0671175425138 -26.76677938562845 30
319 179.138627578125 -24.78465689453126 30
320 171.4455178704581 -22.86137946761452 30
321 163.9807899038198 -20.99519747595494 30
322 156.7376723905082 -19.18441809762705 30
323 149.7095825837132 -17.4273956459283 30
324 142.8901366346458 -15.72253415866144 30
325 136.2731428267971 -14.06828570669927 30
326 129.8525883520894 -12.46314708802234 30
327 123.6226427623646 -10.90566069059115 30
328 117.5776463530219 -9.39441158825548 30
329 111.7121104189508 -7.928027604737693 30
330 106.0207055061186 -6.505176376529647 30
331 100.4982631521828 -5.1245657880457 30
332 95.13976688693506 -3.784941721733766 30
333 89.94034941098317 -2.485087352745794 30
334 84.89528816165065 -1.223822040412664 30
335 39.99999999998591 57.50000000025816 0
336 49.94738756549978 29.20876316267321 0
337 25.72251334745662 36.61132558028712 0
338 25.26917189561454 75.01833933407642 0
339 55.81521739138629 75.81521739138084 0
340 60.22324071488405 48.71669376385951 0
341 20.27241228500058 55.41614262188787 0
342 34.31648049975875 19.15120496831209 0
343 62.88568881491447 17.05588965583175 0
344 40.22679344184401 83.52419686898369 0
345 16.95656449544694 16.64348517473823 0
346 40.54946896489747 42.58784033098429 0
347 64.66047157795775 63.14642267875268 0
348 64.75627793327031 34.5996289237486 0
349 48.60425117830227 14.39386715957291 0
350 14.1508090102815 86.68229489378047 0
351 65.76852424449109 86.14912221434633 0
352 13.92428754397312 44.06278008621473 0
353 13.3973899413427 67.4893956632222 0
354 13.21035105211527 30.13424540728855 0
355 43.27548843399394 71.45685285424665 0
356 52.9195200908233 60.52843323182316 0
357 29.2856214990053 64.23395880457458 0
358 52.64824387457836 88.77172319090064 0
359 28.17783825220834 87.70065444816429 0
360 30.77032084508811 49.06774704292729 0
361 38.69105499120601 29.90865597868297 0
362 68.65369139123821 74.04866387052238 0
363 26.41271138289833 11.1994700779803 0
364 51.09353139265726 41.47003182572608 0
365 25.10514531051904 25.19344402958645 0
366 69.00367811333948 52.62660506551762 0
367 69.52083270915759 25.26255757470529 0
368 47.18314900754693 51.57282501537993 0
369 34.36493362487414 74.08315319798517 0
370 10.08917857860671 52.97313509746979 0
371 39.35638720050493 9.812042349740555 0
372 70.18722495065512 9.984141453506929 0
373 9.515691995726163 9.542857801576373 0
374 70.12687316263641 43.0994727108509 0
375 9.829629699409383 76.82964833100942 0
376 56.63941468936125 9.635750298867622 0
377 59.42102874479637 26.2481971419484 0
378 9.003036250314482 21.94142555815631 0
379 44.15901384622224 22.85302444923542 0
380 23.17970563198029 45.50239410304296 0
381 43.0617322347433 91.60719740272668 0
382 57.23406438905089 66.7476805410886 0
383 47.78211969474389 79.25927766718226 0
384 60.01484914991869 91.54914628787819 0
385 19.98515085011174 91.5491462878817 0
386 18.74813885231791 7.957579884572474 0
387 8.416472502445361 36.89135400949522 0
388 7.54300727794346 92.29552939339187 0
389 72.20046743272182 91.97521272432914 0
390 21.36982224678419 68.2253334158985 0
391 53.40088140291672 21.25152140922774 0
392 8.090017909789813 61.40115434379477 0
393 71.98067559173521 66.96604376656737 0
394 32.42641483620761 40.74181525241057 0
395 37.37970806608212 65.22164723160319 0
396 59.22195810976277 40.89428761127932 0
397 35.23562075927438 91.94295919301963 0
398 72.33301350619527 17.86707249408724 0
399 59.94914103909147 56.68921684643124 0
400 38.49547521205189 49.44256329249741 0
401 58.24036325071037 83.41483954628011 0
402 21.41344737403888 83.32025040144758 0
403 72.04760025222288 33.10952988904336 0
404 44.48754618128574 34.90079374453151 0
405 72.10376430615922 81.27409253666013 0
406 17.7220914794659 36.57732690585124 0
407 30.76376741924658 30.49184424075703 0
408 32.34286517026391 57.46254655615694 0
409 45.36385437514397 63.00831219401434 0
410 56.47111369425434 33.76775268566462 0
411 47.5850959783913 7.428218874644917 0
412 16.93026673383297 74.63367803521143 0
413 32.63930059618958 81.36835047018187 0
414 72.78419386709648 59.47768009445537 0
415 31.83706802454549 6.754989198659593 0
416 7.296977458661935 83.76303289173043 0
417 7.116268385104891 46.36507172566917 0
418 27.01321741450182 18.3983546204489 0
419 63.39984169902619 7.092305181514556 0
420 17.8268372306045 24.6379540514322 0
421 50.74851183584859 70.03313366035141 0
422 15.13094078042815 60.27616141057234 0
423 7.65988771266546 69.7668472654628 0
424 15.77203316803974 49.14452548586716 0
425 62.13536299118996 71.30166603547984 0
426 40.74129115946253 16.85315158407403 0
427 6.82932874072245 29.149751756504 0
428 63.56772006256536 79.04395488529279 0
429 20.5696115897001 30.63669522975427 0
430 54.21164351605477 53.03318432484563 0
431 40.44368131616532 75.58918100269753 0
432 7.041639570620977 14.80000587437332 0
433 28.67271298792458 70.85782369772036 0
434 24.58736632423845 62.05274254022495 0
435 36.17703907544623 36.64353374745763 0
436 56.56950261882891 16.6408571512657 0
437 65.46852520771652 93.47651821123492 0
438 14.53147479229728 93.47651821124222 0
439 65.19697243208054 48.15786841200473 0
440 52.42651680769754 94.13258061295438 0
441 27.51258406601491 95.69725682184745 0
442 25.75706767513267 54.23790914468056 0
443 73.50861157499861 48.49818853993438 0
444 45.96115159332069 84.25212658381574 0
445 46.13124278320164 44.26997131224321 0
446 32.28374955142373 13.22774635079711 0
447 53.18419886057085 45.72965308784283 0
448 34.53112559554874 26.03057381594397 0
449 45.41159669595542 56.08587163087891 0
450 74.24031158302111 72.72986086469002 0
451 51.68313057807713 80.68139910724973 0
452 73.44266353167929 37.80142117746193 0
453 16.99483779848628 79.86244893113866 0
454 44.48577692365093 29.28926289415869 0
455 73.32325640686412 6.036628277430534 0
456 5.903914912437802 5.903914912430584 0
457 23.78243415880062 5.813086838248068 0
458 65.2181906617937 29.11105069771097 0
459 63.86033076790531 22.97182914695297 0
460 66.67517401782777 68.97384375960874 0
461 74.97882711768999 86.87052815558486 0
462 26.80551026215738 80.73395099650294 0
463 50.7850859027992 65.06393038907588 0
464 20.53305719079189 13.26879726273122 0
465 74.65198691250079 28.24421245805463 0
466 42.94667019772425 5.181350308893525 0
467 65.14603751537004 40.29997813283793 0
468 52.41200901367203 5.089605027588322 0
469 13.50184761876287 4.976962194525806 0
470 65.35726301729208 57.95586663622377 0
471 36.20332119988279 87.59757588008625 0
472 22.10049696289656 20.77591925463958 0
473 74.85655288038693 12.92354865773566 0
474 5.420579853853901 57.02502034504658 0
475 51.7459151277367 35.96659743316039 0
476 22.1814578029023 50.36287419617133 0
477 73.94961214800301 54.55597492207905 0
478 57.50581034724573 61.41198438077016 0
479 12.39705513116685 14.53245725318009 0
480 64.82366266310309 12.28857082505466 0
481 58.68990482342708 21.05808692202219 0
482 30.89108915126771 35.72972455389363 0
483 47.13534391061488 94.98235907347696 0
484 38.49612985698138 70.16060854170553 0
485 38.77561641572808 22.16867174926095 0
486 4.584956959749701 42.04857585810109 0
487 34.20996324408167 45.79783788009019 0
488 62.96778191324239 52.83720035548464 0
489 28.70487481494393 44.3149937665736 0
490 68.30580935593571 5.049395834313394 0
491 29.49344086407171 76.23389828962792 0
492 29.51484142757021 22.29680563499389 0
493 33.60774996087547 68.05746551633877 0
494 15.01297989074826 55.54469974372954 0
495 5.497536773682898 65.25653944721091 0
496 75.19866929424684 22.17342974799772 0
497 44.40765280969322 11.17305356619934 0
498 4.608679409833573 77.46415359882283 0
499 51.26711194377854 10.04896979618009 0
500 18.7559029736301 41.63619502505668 0
501 39.57001878473559 94.81707794687291 0
502 4.442661182887105 32.62020114626847 0
503 5.019599889282474 51.04371532729053 0
504 42.07659787000922 52.6764054963177 0
505 53.96513800127114 26.61408849825089 0
506 58.68107138486156 4.943905261007781 0
507 36.65552193278165 4.988561071489153 0
508 68.98582781726425 37.05385735149355 0
509 4.757142873113281 10.30934716552543 0
510 4.474424874772571 87.52372398531273 0
511 67.77585668100221 19.51081295146919 0
512 75.97801764511679 42.77129748965586 0
513 36.27053015848413 54.47508706113152 0
514 48.77236068197457 24.88125467358713 0
515 48.61049635625439 19.60454509195356 0
516 12.38654512591121 72.76734483094479 0
517 13.63097737890898 39.12731763752934 0
518 75.6413680874206 77.53648385816334 0
519 12.71744847991209 25.26032975653399 0
520 35.8585418828655 60.14152161070155 0
521 25.64051255272252 30.83550859218894 0
522 11.97427698604352 81.78549126526605 0
523 28.05032554761145 58.96838514908029 0
524 17.29061669026247 64.77311526084637 0
525 61.67907334807644 67.29493457552238 0
526 16.37712139277449 12.52032075007613 0
527 11.51885397437601 48.36713970434236 0
528 37.03720486269186 79.10914437007662 0
529 59.84052543638638 13.08788066196043 0
530 3.870358783287291 22.82905035016631 0
531 32.07214129235367 95.61689328252902 0
532 75.25532706940162 62.90830073276442 0
533 3.920108331863104 96.06323829601405 0
534 75.90905973257432 95.82360044500493 0
535 57.45561958130165 95.52750606079888 0
536 22.53423056438257 95.78828542895234 0
537 46.66068419630549 38.92461458733641 0
538 55.3916873754129 38.13593574878465 0
539 40.23437420506869 87.70548505220334 0
540 28.33386389429756 4.163298498604544 0
541 56.92346257183026 87.85601302738939 0
542 61.27983267742169 86.95910740221571 0
543 18.6712649164357 87.10859446048568 0
544 23.14292060096963 87.62507469821317 0
545 62.21626480926441 44.4388158751832 0
546 25.23007859871198 41.02842857063399 0
547 69.44032405189076 62.55100413003855 0
548 60.55145887664747 31.59045134077217 0
549 43.28190399839757 46.80792066515917 0
550 41.97659874778121 66.12461065306778 0
551 13.81082533884364 20.30916079767377 0
552 36.83377793633525 14.29100188980858 0
553 47.86371758902933 89.34231418903495 0
554 68.83773458969151 14.74452485759047 0
555 47.37876177245703 73.18963999490062 0
556 9.749693007943653 87.36317581748975 0
557 21.09660513484185 72.87200190482983 0
558 51.80881882312492 75.64886456753311 0
559 17.07854097882923 70.12681151849218 0
560 59.16864140629929 79.35577914119035 0
561 9.357240709875828 32.145948766308 0
562 57.52955850876826 45.19515938320632 0
563 60.44366335989595 36.32788826612041 0
564 21.25664827543834 78.07367687939828 0
565 67.25293316282034 82.12617321063468 0
566 70.05387713880899 86.85838770796545 0
567 17.6506841196487 3.855993112792992 0
568 40.12851755447121 26.0500377774564 0
569 52.34038266239361 16.93518334243081 0
570 9.676482400107412 41.34572490270514 0
571 55.29092708404558 71.64182660520139 0
572 69.41389026014163 95.57152167439185 0
573 10.58610973987749 95.57152167439546 0
574 11.1411044517312 58.49870012750235 0
575 42.95264100820352 79.67734482982851 0
576 41.15146485913873 38.08909107164558 0
577 69.37548715674011 29.70669250228683 0
578 34.96900197821172 32.24023075068966 0
579 18.41017124138802 96.16278998561525 0
580 61.58779878778329 96.11063411198239 0
581 9.579172329428017 65.43743002890918 0
582 76.54479190225395 82.13622091004339 0
583 30.87172454740987 91.10318554548915 0
584 21.90228669044249 38.05798010780382 0
585 24.96516691205063 66.75138903515531 0
586 26.59735118190826 49.18602270872823 0
587 40.29958496918506 61.87020767797078 0
588 46.58805017800398 68.14607995760943 0
589 50.74972243513373 55.42399423635876 0
590 18.71441500963491 46.82629249280683 0
591 76.29526284883158 67.52084107273326 0
592 3.488818129016433 37.31202620287433 0
593 16.93198114855985 32.3293940301698 0
594 3.893522056610137 72.73739561588617 0
595 76.55970776915457 17.4999999999271 0
596 58.07639616276676 52.87695140887095 0
597 55.60710392713152 56.69966684295355 0
598 19.59865961298733 59.95434867928259 0
599 3.997637657467835 61.38116210962733 0
600 36.94493008761489 41.30034901314698 0
601 76.02536617125321 90.90427602507067 0
602 69.25357855354099 47.27189931829749 0
603 71.47409279911733 77.03899836765599 0
604 76.37513217996421 33.29228137187704 0
605 33.50664778857105 63.66720959939784 0
606 70.42863793614039 70.73085554165812 0
607 44.86535685349779 17.00463212323211 0
608 13.27003482681946 34.32438463231374 0
609 61.56320894174448 60.57296978830826 0
610 28.73869539065772 26.9162629951322 0
611 64.36864573286449 75.08918762669761 0
612 9.582127299017978 4.082955189469779 0
613 13.92803635257931 77.03831470513236 0
614 3.627897967158227 82.38315726040983 0
615 76.40485774831281 58.1415579873952 0
616 34.72285786110545 9.994794947105802 0
617 24.2238902837017 14.93823673381387 0
618 34.34239194152096 50.39229541987043 0
619 48.44545818081465 59.8391782848286 0
620 38.80284929816212 45.55713797529455 0
621 23.66785007565121 57.90053314418532 0
622 62.38843824221227 83.09731160417871 0
623 40.7677800521753 33.38709393007212 0
624 30.35424811923605 53.48607363502192 0
625 43.32159669697667 96.32253969847882 0
626 3.223026655656835 47.42948814834829 0
627 48.25629842626022 33.18720801834822 0
628 30.47208305595885 17.32417655099142 0
629 22.62222109672793 9.669142315877316 0
630 64.39892503220652 89.59818655813746 0
631 15.60107496779779 89.59818655814395 0
632 71.20709304765047 21.20346819206486 0
633 56.93258602060752 29.56565284154381 0
634 4.422085524620591 18.23615365451307 0
635 63.07734448795406 3.417121255367146 0
636 69.75100320847038 57.21031571289303 0
637 47.56339645565571 3.417888014549604 0
638 31.00124227624844 85.10984633048695 0
639 21.32980979524243 26.74806130253973 0
640 21.90747807867758 34.36844469280866 0
641 28.69797260670447 39.37869134095781 0
642 14.01629106466012 9.399349373269029 0
643 49.16778029353389 46.79272070511718 0
644 43.904098844217 59.66071395759016 0
645 32.49999999993265 3.030106648834332 0
646 16.73625512501188 28.40884665763693 0
647 35.92713973220167 96.21124335704292 0
648 24.5772599597749 70.82857820930265 0
649 54.53376091582408 64.05646189202798 0
650 30.07849374805092 10.28217551164402 0
651 76.13258850836891 8.801705775255611 0
652 25.37074148018284 91.57726720509135 0
653 55.8937383970653 91.5673938359843 0
654 66.38794529457849 44.65360688983484 0
655 11.89378758146357 90.68195423789209 0
656 26.10819175312453 84.89795537496299 0
657 68.07667676425824 32.71615187285666 0
658 9.334928363113308 17.96384062757931 0
659 3.289983850873434 27.4485434032355 0
660 53.14671673759157 31.62973594197477 0
661 54.36036151715015 13.12796204039544 0
662 43.60573948370054 87.32318864863055 0
663 3.355492077141178 91.79404792415909 0
664 7.545840562689259 80.02341482496053 0
665 76.59666951765256 51.13716990012794 0
666 38.9205171342944 91.0912111079945 0
667 51.37358980607905 50.1112017285426 0
668 3.459979570821736 68.62355494271614 0
669 33.38371998695682 77.69863658196789 0
670 60.40618673448871 9.374807021010822 0
671 67.57980825143636 78.03256269430858 0
672 49.92827856088084 84.38420312337718 0
673 59.86501004952692 74.63520697015439 0
674 53.47856517986783 67.69491266229609 0
675 68.02005213294288 90.74429017796888 0
676 12.76378547257432 63.36758916865626 0
677 31.69246242233871 60.83379019820762 0
678 55.76643792818729 49.27714061619464 0
679 9.942176673008412 28.16569996826599 0
680 75.9958812179696 3.85951013952208 0
681 55.44689112230655 79.63020582449825 0
682 2.872871715167447 3.567386960428357 0
683 77.26972192498121 47.49999999982776 0
684 35.67309558505649 83.14233265093237 0
685 28.41402423942256 14.22835997427927 0
686 20.71848717855339 17.04381345929178 0
687 25.57273773781607 21.62807447669033 0
688 41.15254947333325 13.42615591332092 0
689 18.28264224126901 19.88206654755511 0
690 47.93148256889485 10.81823425404168 0
691 54.14506165973057 84.12306396994921 0
692 7.486474776270412 74.0244577612074 0
693 44.43345345351744 75.97630214667761 0
694 71.51944239259225 3.318726784466584 0
695 55.28418684943441 42.28501353136784 0
696 16.79327165824751 83.76829157322632 0
697 66.5423293122675 8.803549173277711 0
698 2.638393283287044 7.500000000053291 0
699 18.29695983214771 51.82898643580939 0
700 10.55897307589036 45.03517910473285 0
701 21.28820798455256 64.29893531687392 0
702 56.36923824310282 23.79297349286231 0
703 21.18532673348506 3.365849091137384 0
704 13.84574664818492 51.83007514086751 0
705 8.435975206842521 49.68726546369295 0
706 58.98015358346018 70.2628200852519 0
707 3.391404720741203 13.99471593480986 0
708 7.401977876376312 25.51248595179626 0
709 60.4505081542505 63.84061183533827 0
710 7.507207544864663 97.19179489545868 0
711 72.47151541792729 97.04159772895785 0
712 41.5027066898249 19.88246361354348 0
713 38.00694037522898 18.66210234998257 0
714 43.8486685577774 41.56390119343911 0
715 26.80762481219347 7.651332015325763 0
716 77.25604571425777 37.69500000548163 0
717 2.499999999997799 -20.00000000004037 0
718 22.4999999999556 -19.84374999995903 0
719 42.49999999994296 -19.84313484250647 0
720 63.0095563365848 -19.51609645446129 0
721 81.56353344979576 -19.11175018510194 0
722 -14.28883438415096 -20.1197382283048 0
723 98.48091331355744 -21.47678348269939 0
724 -29.43769693416959 -22.87662561059498 0
725 12.50274517470562 -12.31343016066272 0
726 32.49999999993265 -12.28384537643266 0
727 52.49999999995819 -12.28384537281857 0
728 72.44442101545037 -12.64546502778762 0
729 116.9265026739187 -24.84460367452184 0
730 -48.06805866409405 -24.86139499413425 0
731 -5.425469333831558 -12.50757676947834 0
732 130.1073894417557 -25.38051576894793 0
733 -60.8615305910326 -24.80226746984163 0
734 90.02985248706105 -12.62451963049626 0
735 22.49999999995559 -9.764394685019479 0
736 42.49999999994296 -9.76408222424115 0
737 62.4999999999734 -9.764082219419887 0
738 -74.23812523033511 -27.2338221252716 0
739 3.121047377297802 -7.803839340988109 0
740 80.78862440956733 -9.035457156633157 0
741 142.5183308856583 -29.01388944662276 0
742 -21.13370807056557 -13.27493161754953 0
743 52.50000000363767 -27.59605699787809 0
744 32.50023845842937 -27.59620487597959 0
745 12.56024829601674 -27.63365688909485 0
746 72.8979390191204 -27.04589861038599 0
747 106.9463690198897 -15.67446162654396 0
748 -7.530936362187726 -29.54922924164235 0
749 -37.54220614735615 -16.56557981630366 0
750 -87.8097892903988 -28.73407262180204 0
751 -20.9529767038251 -28.75405554681785 0
752 -13.14745804933854 -10.98498380140243 0
753 90.53010783978043 -28.75447639165602 0
754 155.3655718587544 -32.35599760890924 0
755 100.5531226458692 -15.48335379812111 0
756 106.9979717820453 -29.46746151739935 0
757 -29.76123809022776 -14.59483036623955 0
758 61.43930536627538 -30.15292549440955 0
759 -102.1458865028891 -29.26503251283507 0
760 -38.06393607083921 -28.94407769422655 0
761 164.7722855398074 -30.32487706024987 0
762 125.339455597992 -18.18107383732317 0
763 -56.00302493462544 -17.90064015844093 0
764 41.65155610148741 -30.17388485056441 0
765 21.91820208614936 -30.15145732686683 0
766 17.67104982634489 -5.2072058298424 0
767 27.13654709174167 -5.349321864428925 0
768 37.86446346295457 -5.35000819099274 0
769 47.1365494261009 -5.349221987982606 0
770 57.86446346278073 -5.350008189197012 0
771 67.13981864814058 -5.345785678284755 0
772 -68.20715288152169 -21.33685755229308 0
773 114.3980799301077 -18.30087927459756 0
774 -45.5413261875102 -17.24176442358223 0
775 3.005902236758292 -28.93777602185722 0
776 9.140079673508048 -7.721663111058954 0
777 81.47820360250466 -30.27756230955347 0
778 137.673627971132 -22.30907914405769 0
779 -6.066959962707154 -20.3400142425627 0
780 86.12404661634193 -7.029543376479456 0
781 72.45690579880728 -6.103181590070077 0
782 -54.49669235656773 -31.73356955831149 0
783 -81.70550058495853 -23.41435121773791 0
784 75.31207142598068 -19.65772473316015 0
785 10.70623317196798 -19.37797551734219 0
786 30.77066795459537 -19.52313693116369 0
787 50.77055478926078 -19.5229562812766 0
788 -115.6129095919871 -31.84526922964239 0
789 91.40051603500311 -20.86887999270343 0
790 -22.1856476938598 -20.92933338870284 0
791 122.372572484493 -32.46371532468785 0
792 -6.272849451791673 -6.535569694094137 0
793 6.377682672191709 -13.444855892849 0
794 -94.56306416583557 -25.55080369280991 0
795 -66.04015530555399 -32.03470460135461 0
796 109.8638847183867 -22.59095924460595 0
797 98.56463599911839 -29.00978793767852 0
798 173.8058114782277 -30.96704237912002 0
799 135.6638293724058 -32.31136936878976 0
800 -28.96714377023355 -30.88924643498132 0
801 131.7887652578507 -18.61940694208016 0
802 -62.3304894064363 -17.8711825811152 0
803 62.49999999997341 -4.52580208408507 0
804 22.48597645171765 -4.357592067047426 0
805 32.50184209700269 -6.267542774504403 0
806 42.50005273261527 -4.413052291758525 0
807 52.50184635184345 -6.26751266308329 0
808 -109.5385152956175 -28.26843600820106 0
809 91.60592037322527 -6.894512011071996 0
810 -1.556557433892503 -4.795785252568457 0
811 -125.2841750737805 -32.59279048295657 0
812 83.86954367163926 -13.71638027301648 0
813 66.17915878760449 -14.74004772071806 0
814 18.4148065412444 -15.33991718677893 0
815 38.39657709808105 -15.08646765864681 0
816 58.38416426178314 -15.17256199414779 0
817 46.36071668948493 -14.70741081726259 0
818 26.3615998120889 -14.7185686562506 0
819 -41.01866237558124 -22.31949469594428 0
820 114.6713715419877 -32.97445155692463 0
821 -75.22778286622979 -20.622284863853 0
822 -13.65318804956565 -26.66684811826816 0
823 -46.10241362663903 -33.02336671545355 0
824 -80.38642253792771 -31.06449898520543 0
825 182.783173761798 -32.5116811906696 0
826 78.25543280971465 -13.96562577902226 0
827 0.2959906356730173 -13.45222722700168 0
828 -10.68179713927069 -14.80980549369668 0
829 150.7829563427005 -25.49092983652537 0
830 -17.31616632781049 -8.699320820187545 0
831 -11.67150896584691 -6.72120606308542 0
832 -93.90366141036769 -33.3118132088644 0
833 -25.5691672209897 -10.46059724193348 0
834 -134.2499019268093 -33.31369268884769 0
835 96.45610444341338 -9.60295530622383 0
836 12.32765613605643 -3.88072396921772 0
837 103.0623176651106 -10.57923030724608 0
838 77.81844977630323 -4.956836443647505 0
839 68.98146643436269 -20.00033096945787 0
840 158.3278552071181 -25.67028401585329 0
841 -34.52124275932534 -12.09552194702498 0
842 119.2624431382801 -14.64890024811804 0
843 -50.75772180238329 -15.09074823087354 0
844 57.93235341277257 -22.7038761128902 0
845 37.06288693874762 -22.52793584747613 0
846 17.08691832839884 -22.54456211532468 0
847 -54.46549879144857 -24.984191761296 0
848 144.71492688357 -21.99276564635911 0
849 2.812897988678915 -3.118909818141238 0
850 45.77337342313706 -25.33223521625979 0
851 25.97838977140868 -25.21969767815288 0
852 -88.69776712861318 -22.71626477054489 0
853 75.02889577205248 -34.17913149664609 0
854 108.2952142595885 -10.59787086080134 0
855 -15.97523415714527 -33.27025530507576 0
856 55.00186209528849 -34.09419824546912 0
857 35.42005724685281 -33.9877164424181 0
858 15.74209691686566 -33.93294678578015 0
859 -41.81976109737253 -13.6150512445155 0
860 81.92528179277262 -4.449131803434556 0
861 123.7274373810941 -25.35659511445453 0
862 189.825420293532 -33.0970740553273 0
863 148.1330860155778 -33.26132998703122 0
864 -74.18336101539069 -34.19184407401185 0
865 -1.314517325962142 -24.90177906915697 0
866 94.0897982451759 -16.25809089641983 0
867 113.4785222224091 -12.46826262056729 0
868 68.04839963831985 -33.10271324613844 0
869 -16.21100060822804 -15.0186976356078 0
870 48.22190827649604 -33.12441892076104 0
871 28.38114714375988 -33.15634281773782 0
872 119.9307837442785 -20.26641042980302 0
873 -21.95322797979979 -8.126485358726894 0
874 7.227551354723461 -32.83150991661093 0
875 -50.96712607601231 -20.01574791366539 0
876 -141.8367918659801 -34.06010083387897 0
877 79.01900993531497 -24.37491766377392 0
878 6.493802429573421 -24.35737484638858 0
879 13.66210666029627 -8.024745978624509 0
880 86.66817696617159 -34.3337341034163 0
881 -34.25776996053465 -34.95833103230197 0
882 -1.849162682139491 -9.158316968014137 0
883 7.387272715162984 -3.192567374097955 0
884 93.68403729791632 -34.51400198097197 0
885 68.17827252050436 -10.07710035087229 0
886 -9.439816588015875 -10.3118283643514 0
887 104.6806111782395 -20.93905098098708 0
888 36.76899145082155 -10.09275178036624 0
889 56.76772526786905 -10.10153384091171 0
890 17.23672146929583 -10.24754796628386 0
891 87.61828054615138 -17.49205316827496 0
892 48.21255657902684 -10.04946068395177 0
893 28.21263257533704 -10.0506987024808 0
894 -1.653816509596622 -33.37627092598477 0
895 -85.65314343391246 -35.03741506908617 0
896 129.3987228502329 -31.80470964069948 0
897 -35.45645620856517 -21.35727456678434 0
898 76.35276676196857 -9.341313199432122 0
899 -24.76910128135 -16.50149218123883 0
900 -17.83799702269409 -23.99037855093576 0
901 85.7537805567072 -23.73435897904596 0
902 65.17836566245862 -25.19769956418197 0
903 207.1985233120415 -35.19994000912483 0
904 -107.4594622782215 -33.87574755013571 0
905 -23.71430382609814 -34.65139892372622 0
906 -25.38586627552201 -25.86231524527425 0
907 94.79866323850969 -25.0910225081378 0
908 39.99999999998591 57.50000000025816 30
909 49.94738756549978 29.20876316267321 30
910 25.72251334745662 36.61132558028712 30
911 25.26917189561454 75.01833933407642 30
912 55.81521739138629 75.81521739138084 30
913 60.22324071488405 48.71669376385951 30
914 20.27241228500058 55.41614262188787 30
915 34.31648049975875 19.15120496831209 30
916 62.88568881491447 17.05588965583175 30
917 40.22679344184401 83.52419686898369 30
918 16.95656449544694 16.64348517473823 30
919 40.54946896489747 42.58784033098429 30
920 64.66047157795775 63.14642267875268 30
921 64.75627793327031 34.5996289237486 30
922 48.60425117830227 14.39386715957291 30
923 14.1508090102815 86.68229489378047 30
924 65.76852424449109 86.14912221434633 30
925 13.92428754397312 44.06278008621473 30
926 13.3973899413427 67.4893956632222 30
927 13.21035105211527 30.13424540728855 30
928 43.27548843399394 71.45685285424665 30
929 52.9195200908233 60.52843323182316 30
930 29.2856214990053 64.23395880457458 30
931 52.64824387457836 88.77172319090064 30
932 28.17783825220834 87.70065444816429 30
933 30.77032084508811 49.06774704292729 30
934 38.69105499120601 29.90865597868297 30
935 68.65369139123821 74.04866387052238 30
936 26.41271138289833 11.1994700779803 30
937 51.09353139265726 41.47003182572608 30
938 25.10514531051904 25.19344402958645 30
939 69.00367811333948 52.62660506551762 30
940 69.52083270915759 25.26255757470529 30
941 47.18314900754693 51.57282501537993 30
942 34.36493362487414 74.08315319798517 30
943 10.08917857860671 52.97313509746979 30
944 39.35638720050493 9.812042349740555 30
945 70.18722495065512 9.984141453506929 30
946 9.515691995726163 9.542857801576373 30
947 70.12687316263641 43.0994727108509 30
948 9.829629699409383 76.82964833100942 30
949 56.63941468936125 9.635750298867622 30
950 59.42102874479637 26.2481971419484 30
951 9.003036250314482 21.94142555815631 30
952 44.15901384622224 22.85302444923542 30
953 23.17970563198029 45.50239410304296 30
954 43.0617322347433 91.60719740272668 30
955 57.23406438905089 66.7476805410886 30
956 47.78211969474389 79.25927766718226 30
957 60.01484914991869 91.54914628787819 30
958 19.98515085011174 91.5491462878817 30
959 18.74813885231791 7.957579884572474 30
960 8.416472502445361 36.89135400949522 30
961 7.54300727794346 92.29552939339187 30
962 72.20046743272182 91.97521272432914 30
963 21.36982224678419 68.2253334158985 30
964 53.40088140291672 21.25152140922774 30
965 8.090017909789813 61.40115434379477 30
966 71.98067559173521 66.96604376656737 30
967 32.42641483620761 40.74181525241057 30
968 37.37970806608212 65.22164723160319 30
969 59.22195810976277 40.89428761127932 30
970 35.23562075927438 91.94295919301963 30
971 72.33301350619527 17.86707249408724 30
972 59.94914103909147 56.68921684643124 30
973 38.49547521205189 49.44256329249741 30
974 58.24036325071037 83.41483954628011 30
975 21.41344737403888 83.32025040144758 30
976 72.04760025222288 33.10952988904336 30
977 44.48754618128574 34.90079374453151 30
978 72.10376430615922 81.27409253666013 30
979 17.7220914794659 36.57732690585124 30
980 30.76376741924658 30.49184424075703 30
981 32.34286517026391 57.46254655615694 30
982 45.36385437514397 63.00831219401434 30
983 56.47111369425434 33.76775268566462 30
984 47.5850959783913 7.428218874644917 30
985 16.93026673383297 74.63367803521143 30
986 32.63930059618958 81.36835047018187 30
987 72.78419386709648 59.47768009445537 30
988 31.83706802454549 6.754989198659593 30
989 7.296977458661935 83.76303289173043 30
990 7.116268385104891 46.36507172566917 30
991 27.01321741450182 18.3983546204489 30
992 63.39984169902619 7.092305181514556 30
993 17.8268372306045 24.6379540514322 30
994 50.74851183584859 70.03313366035141 30
995 15.13094078042815 60.27616141057234 30
996 7.65988771266546 69.7668472654628 30
997 15.77203316803974 49.14452548586716 30
998 62.13536299118996 71.30166603547984 30
999 40.74129115946253 16.85315158407403 30
1000 6.82932874072245 29.149751756504 30
1001 63.56772006256536 79.04395488529279 30
1002 20.5696115897001 30.63669522975427 30
1003 54.21164351605477 53.03318432484563 30
1004 40.44368131616532 75.58918100269753 30
1005 7.041639570620977 14.80000587437332 30
1006 28.67271298792458 70.85782369772036 30
1007 24.58736632423845 62.05274254022495 30
1008 36.17703907544623 36.64353374745763 30
1009 56.56950261882891 16.6408571512657 30
1010 65.46852520771652 93.47651821123492 30
1011 14.53147479229728 93.47651821124222 30
1012 65.19697243208054 48.15786841200473 30
1013 52.42651680769754 94.13258061295438 30
1014 27.51258406601491 95.69725682184745 30
1015 25.75706767513267 54.23790914468056 30
1016 73.50861157499861 48.49818853993438 30
1017 45.96115159332069 84.25212658381574 30
1018 46.13124278320164 44.26997131224321 30
1019 32.28374955142373 13.22774635079711 30
1020 53.18419886057085 45.72965308784283 30
1021 34.53112559554874 26.03057381594397 30
1022 45.41159669595542 56.08587163087891 30
1023 74.24031158302111 72.72986086469002 30
1024 51.68313057807713 80.68139910724973 30
1025 73.44266353167929 37.80142117746193 30
1026 16.99483779848628 79.86244893113866 30
1027 44.48577692365093 29.28926289415869 30
1028 73.32325640686412 6.036628277430534 30
1029 5.903914912437802 5.903914912430584 30
1030 23.78243415880062 5.813086838248068 30
1031 65.2181906617937 29.11105069771097 30
1032 63.86033076790531 22.97182914695297 30
1033 66.67517401782777 68.97384375960874 30
1034 74.97882711768999 86.87052815558486 30
1035 26.80551026215738 80.73395099650294 30
1036 50.7850859027992 65.06393038907588 30
1037 20.53305719079189 13.26879726273122 30
1038 74.65198691250079 28.24421245805463 30
1039 42.94667019772425 5.181350308893525 30
1040 65.14603751537004 40.29997813283793 30
1041 52.41200901367203 5.089605027588322 30
1042 13.50184761876287 4.976962194525806 30
1043 65.35726301729208 57.95586663622377 30
1044 36.20332119988279 87.59757588008625 30
1045 22.10049696289656 20.77591925463958 30
1046 74.85655288038693 12.92354865773566 30
1047 5.420579853853901 57.02502034504658 30
1048 51.7459151277367 35.96659743316039 30
1049 22.1814578029023 50.36287419617133 30
1050 73.94961214800301 54.55597492207905 30
1051 57.50581034724573 61.41198438077016 30
1052 12.39705513116685 14.53245725318009 30
1053 64.82366266310309 12.28857082505466 30
1054 58.68990482342708 21.05808692202219 30
1055 30.89108915126771 35.72972455389363 30
1056 47.13534391061488 94.98235907347696 30
1057 38.49612985698138 70.16060854170553 30
1058 38.77561641572808 22.16867174926095 30
1059 4.584956959749701 42.04857585810109 30
1060 34.20996324408167 45.79783788009019 30
1061 62.96778191324239 52.83720035548464 30
1062 28.70487481494393 44.3149937665736 30
1063 68.30580935593571 5.049395834313394 30
1064 29.49344086407171 76.23389828962792 30
1065 29.51484142757021 22.29680563499389 30
1066 33.60774996087547 68.05746551633877 30
1067 15.01297989074826 55.54469974372954 30
1068 5.497536773682898 65.25653944721091 30
1069 75.19866929424684 22.17342974799772 30
1070 44.40765280969322 11.17305356619934 30
1071 4.608679409833573 77.46415359882283 30
1072 51.26711194377854 10.04896979618009 30
1073 18.7559029736301 41.63619502505668 30
1074 39.57001878473559 94.81707794687291 30
1075 4.442661182887105 32.62020114626847 30
1076 5.019599889282474 51.04371532729053 30
1077 42.07659787000922 52.6764054963177 30
1078 53.96513800127114 26.61408849825089 30
1079 58.68107138486156 4.943905261007781 30
1080 36.65552193278165 4.988561071489153 30
1081 68.98582781726425 37.05385735149355 30
1082 4.757142873113281 10.30934716552543 30
1083 4.474424874772571 87.52372398531273 30
1084 67.77585668100221 19.51081295146919 30
1085 75.97801764511679 42.77129748965586 30
1086 36.27053015848413 54.47508706113152 30
1087 48.77236068197457 24.88125467358713 30
1088 48.61049635625439 19.60454509195356 30
1089 12.38654512591121 72.76734483094479 30
1090 13.63097737890898 39.12731763752934 30
1091 75.6413680874206 77.53648385816334 30
1092 12.71744847991209 25.26032975653399 30
1093 35.8585418828655 60.14152161070155 30
1094 25.64051255272252 30.83550859218894 30
1095 11.97427698604352 81.78549126526605 30
1096 28.05032554761145 58.96838514908029 30
1097 17.29061669026247 64.77311526084637 30
1098 61.67907334807644 67.29493457552238 30
1099 16.37712139277449 12.52032075007613 30
1100 11.51885397437601 48.36713970434236 30
1101 37.03720486269186 79.10914437007662 30
1102 59.84052543638638 13.08788066196043 30
1103 3.870358783287291 22.82905035016631 30
1104 32.07214129235367 95.61689328252902 30
1105 75.25532706940162 62.90830073276442 30
1106 3.920108331863104 96.06323829601405 30
1107 75.90905973257432 95.82360044500493 30
1108 57.45561958130165 95.52750606079888 30
1109 22.53423056438257 95.78828542895234 30
1110 46.66068419630549 38.92461458733641 30
1111 55.3916873754129 38.13593574878465 30
1112 40.23437420506869 87.70548505220334 30
1113 28.33386389429756 4.163298498604544 30
1114 56.92346257183026 87.85601302738939 30
1115 61.27983267742169 86.95910740221571 30
1116 18.6712649164357 87.10859446048568 30
1117 23.14292060096963 87.62507469821317 30
1118 62.21626480926441 44.4388158751832 30
1119 25.23007859871198 41.02842857063399 30
1120 69.44032405189076 62.55100413003855 30
1121 60.55145887664747 31.59045134077217 30
1122 43.28190399839757 46.80792066515917 30
1123 41.97659874778121 66.12461065306778 30
1124 13.81082533884364 20.30916079767377 30
1125 36.83377793633525 14.29100188980858 30
1126 47.86371758902933 89.34231418903495 30
1127 68.83773458969151 14.74452485759047 30
1128 47.37876177245703 73.18963999490062 30
1129 9.749693007943653 87.36317581748975 30
1130 21.09660513484185 72.87200190482983 30
1131 51.80881882312492 75.64886456753311 30
1132 17.07854097882923 70.12681151849218 30
1133 59.16864140629929 79.35577914119035 30
1134 9.357240709875828 32.145948766308 30
1135 57.52955850876826 45.19515938320632 30
1136 60.44366335989595 36.32788826612041 30
1137 21.25664827543834 78.07367687939828 30
1138 67.25293316282034 82.12617321063468 30
1139 70.05387713880899 86.85838770796545 30
1140 17.6506841196487 3.855993112792992 30
1141 40.12851755447121 26.0500377774564 30
1142 52.34038266239361 16.93518334243081 30
1143 9.676482400107412 41.34572490270514 30
1144 55.29092708404558 71.64182660520139 30
1145 69.41389026014163 95.57152167439185 30
1146 10.58610973987749 95.57152167439546 30
1147 11.1411044517312 58.49870012750235 30
1148 42.95264100820352 79.67734482982851 30
1149 41.15146485913873 38.08909107164558 30
1150 69.37548715674011 29.70669250228683 30
1151 34.96900197821172 32.24023075068966 30
1152 18.41017124138802 96.16278998561525 30
1153 61.58779878778329 96.11063411198239 30
1154 9.579172329428017 65.43743002890918 30
1155 76.54479190225395 82.13622091004339 30
1156 30.87172454740987 91.10318554548915 30
1157 21.90228669044249 38.05798010780382 30
1158 24.96516691205063 66.75138903515531 30
1159 26.59735118190826 49.18602270872823 30
1160 40.29958496918506 61.87020767797078 30
1161 46.58805017800398 68.14607995760943 30
1162 50.74972243513373 55.42399423635876 30
1163 18.71441500963491 46.82629249280683 30
1164 76.29526284883158 67.52084107273326 30
1165 3.488818129016433 37.31202620287433 30
1166 16.93198114855985 32.3293940301698 30
1167 3.893522056610137 72.73739561588617 30
1168 76.55970776915457 17.4999999999271 30
1169 58.07639616276676 52.87695140887095 30
1170 55.60710392713152 56.69966684295355 30
1171 19.59865961298733 59.95434867928259 30
1172 3.997637657467835 61.38116210962733 30
1173 36.94493008761489 41.30034901314698 30
1174 76.02536617125321 90.90427602507067 30
1175 69.25357855354099 47.27189931829749 30
1176 71.47409279911733 77.03899836765599 30
1177 76.37513217996421 33.29228137187704 30
1178 33.50664778857105 63.66720959939784 30
1179 70.42863793614039 70.73085554165812 30
1180 44.86535685349779 17.00463212323211 30
1181 13.27003482681946 34.32438463231374 30
1182 61.56320894174448 60.57296978830826 30
1183 28.73869539065772 26.9162629951322 30
1184 64.36864573286449 75.08918762669761 30
1185 9.582127299017978 4.082955189469779 30
1186 13.92803635257931 77.03831470513236 30
1187 3.627897967158227 82.38315726040983 30
1188 76.40485774831281 58.1415579873952 30
1189 34.72285786110545 9.994794947105802 30
1190 24.2238902837017 14.93823673381387 30
1191 34.34239194152096 50.39229541987043 30
1192 48.44545818081465 59.8391782848286 30
1193 38.80284929816212 45.55713797529455 30
1194 23.66785007565121 57.90053314418532 30
1195 62.38843824221227 83.09731160417871 30
1196 40.7677800521753 33.38709393007212 30
1197 30.35424811923605 53.48607363502192 30
1198 43.32159669697667 96.32253969847882 30
1199 3.223026655656835 47.42948814834829 30
1200 48.25629842626022 33.18720801834822 30
1201 30.47208305595885 17.32417655099142 30
1202 22.62222109672793 9.669142315877316 30
1203 64.39892503220652 89.59818655813746 30
1204 15.60107496779779 89.59818655814395 30
1205 71.20709304765047 21.20346819206486 30
1206 56.93258602060752 29.56565284154381 30
1207 4.422085524620591 18.23615365451307 30
1208 63.07734448795406 3.417121255367146 30
1209 69.75100320847038 57.21031571289303 30
1210 47.56339645565571 3.417888014549604 30
1211 31.00124227624844 85.10984633048695 30
1212 21.32980979524243 26.74806130253973 30
1213 21.90747807867758 34.36844469280866 30
1214 28.69797260670447 39.37869134095781 30
1215 14.01629106466012 9.399349373269029 30
1216 49.16778029353389 46.79272070511718 30
1217 43.904098844217 59.66071395759016 30
1218 32.49999999993265 3.030106648834332 30
1219 16.73625512501188 28.40884665763693 30
1220 35.92713973220167 96.21124335704292 30
1221 24.5772599597749 70.82857820930265 30
1222 54.53376091582408 64.05646189202798 30
1223 30.07849374805092 10.28217551164402 30
1224 76.13258850836891 8.801705775255611 30
1225 25.37074148018284 91.57726720509135 30
1226 55.8937383970653 91.5673938359843 30
1227 66.38794529457849 44.65360688983484 30
1228 11.89378758146357 90.68195423789209 30
1229 26.10819175312453 84.89795537496299 30
1230 68.07667676425824 32.71615187285666 30
1231 9.334928363113308 17.96384062757931 30
1232 3.289983850873434 27.4485434032355 30
1233 53.14671673759157 31.62973594197477 30
1234 54.36036151715015 13.12796204039544 30
1235 43.60573948370054 87.32318864863055 30
1236 3.355492077141178 91.79404792415909 30
1237 7.545840562689259 80.02341482496053 30
1238 76.59666951765256 51.13716990012794 30
1239 38.9205171342944 91.0912111079945 30
1240 51.37358980607905 50.1112017285426 30
1241 3.459979570821736 68.62355494271614 30
1242 33.38371998695682 77.69863658196789 30
1243 60.40618673448871 9.374807021010822 30
1244 67.57980825143636 78.03256269430858 30
1245 49.92827856088084 84.38420312337718 30
1246 59.86501004952692 74.63520697015439 30
1247 53.47856517986783 67.69491266229609 30
1248 68.02005213294288 90.74429017796888 30
1249 12.76378547257432 63.36758916865626 30
1250 31.69246242233871 60.83379019820762 30
1251 55.76643792818729 49.27714061619464 30
1252 9.942176673008412 28.16569996826599 30
1253 75.9958812179696 3.85951013952208 30
1254 55.44689112230655 79.63020582449825 30
1255 2.872871715167447 3.567386960428357 30
1256 77.26972192498121 47.49999999982776 30
1257 35.67309558505649 83.14233265093237 30
1258 28.41402423942256 14.22835997427927 30
1259 20.71848717855339 17.04381345929178 30
1260 25.57273773781607 21.62807447669033 30
1261 41.15254947333325 13.42615591332092 30
1262 18.28264224126901 19.88206654755511 30
1263 47.93148256889485 10.81823425404168 30
1264 54.14506165973057 84.12306396994921 30
1265 7.486474776270412 74.0244577612074 30
1266 44.43345345351744 75.97630214667761 30
1267 71.51944239259225 3.318726784466584 30
1268 55.28418684943441 42.28501353136784 30
1269 16.79327165824751 83.76829157322632 30
1270 66.5423293122675 8.803549173277711 30
1271 2.638393283287044 7.500000000053291 30
1272 18.29695983214771 51.82898643580939 30
1273 10.55897307589036 45.03517910473285 30
1274 21.28820798455256 64.29893531687392 30
1275 56.36923824310282 23.79297349286231 30
1276 21.18532673348506 3.365849091137384 30
1277 13.84574664818492 51.83007514086751 30
1278 8.435975206842521 49.68726546369295 30
1279 58.98015358346018 70.2628200852519 30
1280 3.391404720741203 13.99471593480986 30
1281 7.401977876376312 25.51248595179626 30
1282 60.4505081542505 63.84061183533827 30
1283 7.507207544864663 97.19179489545868 30
1284 72.47151541792729 97.04159772895785 30
1285 41.5027066898249 19.88246361354348 30
1286 38.00694037522898 18.66210234998257 30
1287 43.8486685577774 41.56390119343911 30
1288 26.80762481219347 7.651332015325763 30
1289 77.25604571425777 37.69500000548163 30
1290 2.499999999997799 -20.00000000004037 30
1291 22.4999999999556 -19.84374999995903 30
1292 42.49999999994296 -19.84313484250647 30
1293 63.0095563365848 -19.51609645446129 30
1294 81.56353344979576 -19.11175018510194 30
1295 -14.28883438415096 -20.1197382283048 30
1296 98.48091331355744 -21.47678348269939 30
1297 -29.43769693416959 -22.87662561059498 30
1298 12.50274517470562 -12.31343016066272 30
1299 32.49999999993265 -12.28384537643266 30
1300 52.49999999995819 -12.28384537281857 30
1301 72.44442101545037 -12.64546502778762 30
1302 116.9265026739187 -24.84460367452184 30
1303 -48.06805866409405 -24.86139499413425 30
1304 -5.425469333831558 -12.50757676947834 30
1305 130.1073894417557 -25.38051576894793 30
1306 -60.8615305910326 -24.80226746984163 30
1307 90.02985248706105 -12.62451963049626 30
1308 22.49999999995559 -9.764394685019479 30
1309 42.49999999994296 -9.76408222424115 30
1310 62.4999999999734 -9.764082219419887 30
1311 -74.23812523033511 -27.2338221252716 30
1312 3.121047377297802 -7.803839340988109 30
1313 80.78862440956733 -9.035457156633157 30
1314 142.5183308856583 -29.01388944662276 30
1315 -21.13370807056557 -13.27493161754953 30
1316 52.50000000363767 -27.59605699787809 30
1317 32.50023845842937 -27.59620487597959 30
1318 12.56024829601674 -27.63365688909485 30
1319 72.8979390191204 -27.04589861038599 30
1320 106.9463690198897 -15.67446162654396 30
1321 -7.530936362187726 -29.54922924164235 30
1322 -37.54220614735615 -16.56557981630366 30
1323 -87.8097892903988 -28.73407262180204 30
1324 -20.9529767038251 -28.75405554681785 30
1325 -13.14745804933854 -10.98498380140243 30
1326 90.53010783978043 -28.75447639165602 30
1327 155.3655718587544 -32.35599760890924 30
1328 100.5531226458692 -15.48335379812111 30
1329 106.9979717820453 -29.46746151739935 30
1330 -29.76123809022776 -14.59483036623955 30
1331 61.43930536627538 -30.15292549440955 30
1332 -102.1458865028891 -29.26503251283507 30
1333 -38.06393607083921 -28.94407769422655 30
1334 164.7722855398074 -30.32487706024987 30
1335 125.339455597992 -18.18107383732317 30
1336 -56.00302493462544 -17.90064015844093 30
1337 41.65155610148741 -30.17388485056441 30
1338 21.91820208614936 -30.15145732686683 30
1339 17.67104982634489 -5.2072058298424 30
1340 27.13654709174167 -5.349321864428925 30
1341 37.86446346295457 -5.35000819099274 30
1342 47.1365494261009 -5.349221987982606 30
1343 57.86446346278073 -5.350008189197012 30
1344 67.13981864814058 -5.345785678284755 30
1345 -68.20715288152169 -21.33685755229308 30
1346 114.3980799301077 -18.30087927459756 30
1347 -45.5413261875102 -17.24176442358223 30
1348 3.005902236758292 -28.93777602185722 30
1349 9.140079673508048 -7.721663111058954 30
1350 81.47820360250466 -30.27756230955347 30
1351 137.673627971132 -22.30907914405769 30
1352 -6.066959962707154 -20.3400142425627 30
1353 86.12404661634193 -7.029543376479456 30
1354 72.45690579880728 -6.103181590070077 30
1355 -54.49669235656773 -31.73356955831149 30
1356 -81.70550058495853 -23.41435121773791 30
1357 75.31207142598068 -19.65772473316015 30
1358 10.70623317196798 -19.37797551734219 30
1359 30.77066795459537 -19.52313693116369 30
1360 50.77055478926078 -19.5229562812766 30
1361 -115.6129095919871 -31.84526922964239 30
1362 91.40051603500311 -20.86887999270343 30
1363 -22.1856476938598 -20.92933338870284 30
1364 122.372572484493 -32.46371532468785 30
1365 -6.272849451791673 -6.535569694094137 30
1366 6.377682672191709 -13.444855892849 30
1367 -94.56306416583557 -25.55080369280991 30
1368 -66.04015530555399 -32.03470460135461 30
1369 109.8638847183867 -22.59095924460595 30
1370 98.56463599911839 -29.00978793767852 30
1371 173.8058114782277 -30.96704237912002 30
1372 135.6638293724058 -32.31136936878976 30
1373 -28.96714377023355 -30.88924643498132 30
1374 131.7887652578507 -18.61940694208016 30
1375 -62.3304894064363 -17.8711825811152 30
1376 62.49999999997341 -4.52580208408507 30
1377 22.48597645171765 -4.357592067047426 30
1378 32.50184209700269 -6.267542774504403 30
1379 42.50005273261527 -4.413052291758525 30
1380 52.50184635184345 -6.26751266308329 30
1381 -109.5385152956175 -28.26843600820106 30
1382 91.60592037322527 -6.894512011071996 30
1383 -1.556557433892503 -4.795785252568457 30
1384 -125.2841750737805 -32.59279048295657 30
1385 83.86954367163926 -13.71638027301648 30
1386 66.17915878760449 -14.74004772071806 30
1387 18.4148065412444 -15.33991718677893 30
1388 38.39657709808105 -15.08646765864681 30
1389 58.38416426178314 -15.17256199414779 30
1390 46.36071668948493 -14.70741081726259 30
1391 26.3615998120889 -14.7185686562506 30
1392 -41.01866237558124 -22.31949469594428 30
1393 114.6713715419877 -32.97445155692463 30
1394 -75.22778286622979 -20.622284863853 30
1395 -13.65318804956565 -26.66684811826816 30
1396 -46.10241362663903 -33.02336671545355 30
1397 -80.38642253792771 -31.06449898520543 30
1398 182.783173761798 -32.5116811906696 30
1399 78.25543280971465 -13.96562577902226 30
1400 0.2959906356730173 -13.45222722700168 30
1401 -10.68179713927069 -14.80980549369668 30
1402 150.7829563427005 -25.49092983652537 30
1403 -17.31616632781049 -8.699320820187545 30
1404 -11.67150896584691 -6.72120606308542 30
1405 -93.90366141036769 -33.3118132088644 30
1406 -25.5691672209897 -10.46059724193348 30
1407 -134.2499019268093 -33.31369268884769 30
1408 96.45610444341338 -9.60295530622383 30
1409 12.32765613605643 -3.88072396921772 30
1410 103.0623176651106 -10.57923030724608 30
1411 77.81844977630323 -4.956836443647505 30
1412 68.98146643436269 -20.00033096945787 30
1413 158.3278552071181 -25.67028401585329 30
1414 -34.52124275932534 -12.09552194702498 30
1415 119.2624431382801 -14.64890024811804 30
1416 -50.75772180238329 -15.09074823087354 30
1417 57.93235341277257 -22.7038761128902 30
1418 37.06288693874762 -22.52793584747613 30
1419 17.08691832839884 -22.54456211532468 30
1420 -54.46549879144857 -24.984191761296 30
1421 144.71492688357 -21.99276564635911 30
1422 2.812897988678915 -3.118909818141238 30
1423 45.77337342313706 -25.33223521625979 30
1424 25.97838977140868 -25.21969767815288 30
1425 -88.69776712861318 -22.71626477054489 30
1426 75.02889577205248 -34.17913149664609 30
1427 108.2952142595885 -10.59787086080134 30
1428 -15.97523415714527 -33.27025530507576 30
1429 55.00186209528849 -34.09419824546912 30
1430 35.42005724685281 -33.9877164424181 30
1431 15.74209691686566 -33.93294678578015 30
1432 -41.81976109737253 -13.6150512445155 30
1433 81.92528179277262 -4.449131803434556 30
1434 123.7274373810941 -25.35659511445453 30
1435 189.825420293532 -33.0970740553273 30
1436 148.1330860155778 -33.26132998703122 30
1437 -74.18336101539069 -34.19184407401185 30
1438 -1.314517325962142 -24.90177906915697 30
1439 94.0897982451759 -16.25809089641983 30
1440 113.4785222224091 -12.46826262056729 30
1441 68.04839963831985 -33.10271324613844 30
1442 -16.21100060822804 -15.0186976356078 30
1443 48.22190827649604 -33.12441892076104 30
1444 28.38114714375988 -33.15634281773782 30
1445 119.9307837442785 -20.26641042980302 30
1446 -21.95322797979979 -8.126485358726894 30
1447 7.227551354723461 -32.83150991661093 30
1448 -50.96712607601231 -20.01574791366539 30
1449 -141.8367918659801 -34.06010083387897 30
1450 79.01900993531497 -24.37491766377392 30
1451 6.493802429573421 -24.35737484638858 30
1452 13.66210666029627 -8.024745978624509 30
1453 86.66817696617159 -34.3337341034163 30
1454 -34.25776996053465 -34.95833103230197 30
1455 -1.849162682139491 -9.158316968014137 30
1456 7.387272715162984 -3.192567374097955 30
1457 93.68403729791632 -34.51400198097197 30
1458 68.17827252050436 -10.07710035087229 30
1459 -9.439816588015875 -10.3118283643514 30
1460 104.6806111782395 -20.93905098098708 30
1461 36.76899145082155 -10.09275178036624 30
1462 56.76772526786905 -10.10153384091171 30
1463 17.23672146929583 -10.24754796628386 30
1464 87.61828054615138 -17.49205316827496 30
1465 48.21255657902684 -10.04946068395177 30
1466 28.21263257533704 -10.0506987024808 30
1467 -1.653816509596622 -33.37627092598477 30
1468 -85.65314343391246 -35.03741506908617 30
1469 129.3987228502329 -31.80470964069948 30
1470 -35.45645620856517 -21.35727456678434 30
1471 76.35276676196857 -9.341313199432122 30
1472 -24.76910128135 -16.50149218123883 30
1473 -17.83799702269409 -23.99037855093576 30
1474 85.7537805567072 -23.73435897904596 30
1475 65.17836566245862 -25.19769956418197 30
1476 207.1985233120415 -35.19994000912483 30
1477 -107.4594622782215 -33.87574755013571 30
1478 -23.71430382609814 -34.65139892372622 30
1479 -25.38586627552201 -25.86231524527425 30
1480 94.79866323850969 -25.0910225081378 30
$EndNodes
$Elements
1514
1 2 2 201 25 6 110 175
2 2 2 201 25 6 175 8
3 2 2 201 25 110 111 176
4 2 2 201 25 110 176 175
5 2 2 201 25 111 112 177
6 2 2 201 25 111 177 176
7 2 2 201 25 112 113 178
8 2 2 201 25 112 178 177
9 2 2 201 25 113 114 179
10 2 2 201 25 113 179 178
11 2 2 201 25 114 115 180
12 2 2 201 25 114 180 179
13 2 2 201 25 115 116 181
14 2 2 201 25 115 181 180
15 2 2 201 25 116 117 182
16 2 2 201 25 116 182 181
17 2 2 201 25 117 118 183
18 2 2 201 25 117 183 182
19 2 2 201 25 118 119 184
20 2 2 201 25 118 184 183
21 2 2 201 25 119 120 185
22 2 2 201 25 119 185 184
23 2 2 201 25 120 121 186
24 2 2 201 25 120 186 185
25 2 2 201 25 121 122 187
26 2 2 201 25 121 187 186
27 2 2 201 25 122 123 188
28 2 2 201 25 122 188 187
29 2 2 201 25 123 124 189
30 2 2 201 25 123 189 188
31 2 2 201 25 124 125 190
32 2 2 201 25 124 190 189
33 2 2 201 25 125 126 191
34 2 2 201 25 125 191 190
35 2 2 201 25 126 127 192
36 2 2 201 25 126 192 191
37 2 2 201 25 127 128 193
38 2 2 201 25 127 193 192
39 2 2 201 25 128 129 194
40 2 2 201 25 128 194 193
41 2 2 201 25 129 130 195
42 2 2 201 25 129 195 194
43 2 2 201 25 130 131 196
44 2 2 201 25 130 196 195
45 2 2 201 25 131 132 197
46 2 2 201 25 131 197 196
47 2 2 201 25 132 133 198
48 2 2 201 25 132 198 197
49 2 2 201 25 133 134 199
50 2 2 201 25 133 199 198
51 2 2 201 25 134 135 200
52 2 2 201 25 134 200 199
53 2 2 201 25 135 136 201
54 2 2 201 25 135 201 200
55 2 2 201 25 136 137 202
56 2 2 201 25 136 202 201
57 2 2 201 25 137 138 203
58 2 2 201 25 137 203 202
59 2 2 201 25 138 139 204
60 2 2 201 25 138 204 203
61 2 2 201 25 139 140 205
62 2 2 201 25 139 205 204
63 2 2 201 25 140 141 206
64 2 2 201 25 140 206 205
65 2 2 201 25 141 142 207
66 2 2 201 25 141 207 206
67 2 2 201 25 142 143 208
68 2 2 201 25 142 208 207
69 2 2 201 25 143 144 209
70 2 2 201 25 143 209 208
71 2 2 201 25 144 145 210
72 2 2 201 25 144 210 209
73 2 2 201 25 145 146 211
74 2 2 201 25 145 211 210
75 2 2 201 25 146 147 212
76 2 2 201 25 146 212 211
77 2 2 201 25 147 148 213
78 2 2 201 25 147 213 212
79 2 2 201 25 148 149 214
80 2 2 201 25 148 214 213
81 2 2 201 25 149 150 215
82 2 2 201 25 149 215 214
83 2 2 201 25 150 151 216
84 2 2 201 25 150 216 215
85 2 2 201 25 151 152 217
86 2 2 201 25 151 217 216
87 2 2 201 25 152 7 9
88 2 2 201 25 152 9 217
89 2 2 202 29 5 63 218
90 2 2 202 29 5 218 10
91 2 2 202 29 63 64 219
92 2 2 202 29 63 219 218
93 2 2 202 29 64 65 220
94 2 2 202 29 64 220 219
95 2 2 202 29 65 66 221
96 2 2 202 29 65 221 220
97 2 2 202 29 66 67 222
98 2 2 202 29 66 222 221
99 2 2 202 29 67 68 223
100 2 2 202 29 67 223 222
101 2 2 202 29 68 69 224
102 2 2 202 29 68 224 223
103 2 2 202 29 69 70 225
104 2 2 202 29 69 225 224
105 2 2 202 29 70 71 226
106 2 2 202 29 70 226 225
107 2 2 202 29 71 72 227
108 2 2 202 29 71 227 226
109 2 2 202 29 72 73 228
110 2 2 202 29 72 228 227
111 2 2 202 29 73 74 229
112 2 2 202 29 73 229 228
113 2 2 202 29 74 75 230
114 2 2 202 29 74 230 229
115 2 2 202 29 75 76 231
116 2 2 202 29 75 231 230
117 2 2 202 29 76 77 232
118 2 2 202 29 76 232 231
119 2 2 202 29 77 78 233
120 2 2 202 29 77 233 232
121 2 2 202 29 78 79 234
122 2 2 202 29 78 234 233
123 2 2 202 29 79 80 235
124 2 2 202 29 79 235 234
125 2 2 202 29 80 81 236
126 2 2 202 29 80 236 235
127 2 2 202 29 81 1 11
128 2 2 202 29 81 11 236
129 2 2 203 33 1 15 237
130 2 2 203 33 1 237 11
131 2 2 203 33 15 16 238
132 2 2 203 33 15 238 237
133 2 2 203 33 16 17 239
134 2 2 203 33 16 239 238
135 2 2 203 33 17 18 240
136 2 2 203 33 17 240 239
137 2 2 203 33 18 19 241
138 2 2 203 33 18 241 240
139 2 2 203 33 19 20 242
140 2 2 203 33 19 242 241
141 2 2 203 33 20 21 243
142 2 2 203 33 20 243 242
143 2 2 203 33 21 22 244
144 2 2 203 33 21 244 243
145 2 2 203 33 22 23 245
146 2 2 203 33 22 245 244
147 2 2 203 33 23 24 246
148 2 2 203 33 23 246 245
149 2 2 203 33 24 25 247
150 2 2 203 33 24 247 246
151 2 2 203 33 25 26 248
152 2 2 203 33 25 248 247
153 2 2 203 33 26 27 249
154 2 2 203 33 26 249 248
155 2 2 203 33 27 28 250
156 2 2 203 33 27 250 249
157 2 2 203 33 28 29 251
158 2 2 203 33 28 251 250
159 2 2 203 33 29 2 12
160 2 2 203 33 29 12 251
161 2 2 204 37 4 50 252
162 2 2 204 37 4 252 13
163 2 2 204 37 50 51 253
164 2 2 204 37 50 253 252
165 2 2 204 37 51 52 254
166 2 2 204 37 51 254 253
167 2 2 204 37 52 53 255
168 2 2 204 37 52 255 254
169 2 2 204 37 53 54 256
170 2 2 204 37 53 256 255
171 2 2 204 37 54 55 257
172 2 2 204 37 54 257 256
173 2 2 204 37 55 56 258
174 2 2 204 37 55 258 257
175 2 2 204 37 56 57 259
176 2 2 204 37 56 259 258
177 2 2 204 37 57 58 260
178 2 2 204 37 57 260 259
179 2 2 204 37 58 59 261
180 2 2 204 37 58 261 260
181 2 2 204 37 59 60 262
182 2 2 204 37 59 262 261
183 2 2 204 37 60 61 263
184 2 2 204 37 60 263 262
185 2 2 204 37 61 62 264
186 2 2 204 37 61 264 263
187 2 2 204 37 62 5 10
188 2 2 204 37 62 10 264
189 6 2 101 1 423 353 516 996 926 1089
190 6 2 101 1 355 431 484 928 1004 1057
191 6 2 101 1 431 369 484 1004 942 1057
192 6 2 101 1 433 357 493 1006 930 1066
193 6 2 101 1 448 361 578 1021 934 1151
194 6 2 101 1 407 448 578 980 1021 1151
195 6 2 101 1 565 405 566 1138 978 1139
196 6 2 101 1 353 423 581 926 996 1154
197 6 2 101 1 52 53 440 254 255 1013
198 6 2 101 1 57 58 441 259 260 1014
199 6 2 101 1 391 436 481 964 1009 1054
200 6 2 101 1 407 482 521 980 1055 1094
201 6 2 101 1 482 337 521 1055 910 1094
202 6 2 101 1 460 362 611 1033 935 1184
203 6 2 101 1 352 424 527 925 997 1100
204 6 2 101 1 366 443 477 939 1016 1050
205 6 2 101 1 504 335 513 1077 908 1086
206 6 2 101 1 434 357 585 1007 930 1158
207 6 2 101 1 425 460 611 998 1033 1184
208 6 2 101 1 487 360 489 1060 933 1062
209 6 2 101 1 394 487 489 967 1060 1062
210 6 2 101 1 424 352 590 997 925 1163
211 6 2 101 1 405 461 566 978 1034 1139
212 6 2 101 1 340 439 488 913 1012 1061
213 6 2 101 1 432 373 479 1005 946 1052
214 6 2 101 1 440 53 483 1013 255 1056
215 6 2 101 1 475 537 627 1048 1110 1200
216 6 2 101 1 435 394 482 1008 967 1055
217 6 2 101 1 439 366 488 1012 939 1061
218 6 2 101 1 43 44 450 278 279 1023
219 6 2 101 1 471 583 638 1044 1156 1211
220 6 2 101 1 433 369 491 1006 942 1064
221 6 2 101 1 338 433 491 911 1006 1064
222 6 2 101 1 392 574 676 965 1147 1249
223 6 2 101 1 70 71 474 225 226 1047
224 6 2 101 1 412 557 564 985 1130 1137
225 6 2 101 1 50 437 572 252 1010 1145
226 6 2 101 1 438 60 573 1011 262 1146
227 6 2 101 1 400 504 513 973 1077 1086
228 6 2 101 1 471 397 583 1044 970 1156
229 6 2 101 1 442 341 476 1015 914 1049
230 6 2 101 1 436 343 481 1009 916 1054
231 6 2 101 1 46 47 461 281 282 1034
232 6 2 101 1 574 422 676 1147 995 1249
233 6 2 101 1 369 431 528 942 1004 1101
234 6 2 101 1 367 459 511 940 1032 1084
235 6 2 101 1 369 433 493 942 1006 1066
236 6 2 101 1 5 63 533 10 218 1106
237 6 2 101 1 62 5 533 264 10 1106
238 6 2 101 1 3 49 534 14 284 1107
239 6 2 101 1 48 3 534 283 14 1107
240 6 2 101 1 468 25 506 1041 247 1079
241 6 2 101 1 347 470 547 920 1043 1120
242 6 2 101 1 465 367 496 1038 940 1069
243 6 2 101 1 394 435 600 967 1008 1173
244 6 2 101 1 343 480 554 916 1053 1127
245 6 2 101 1 444 383 672 1017 956 1245
246 6 2 101 1 496 367 632 1069 940 1205
247 6 2 101 1 547 470 636 1120 1043 1209
248 6 2 101 1 342 448 492 915 1021 1065
249 6 2 101 1 361 448 568 934 1021 1141
250 6 2 101 1 458 377 459 1031 950 1032
251 6 2 101 1 367 458 459 940 1031 1032
252 6 2 101 1 341 442 621 914 1015 1194
253 6 2 101 1 421 555 588 994 1128 1161
254 6 2 101 1 391 481 702 964 1054 1275
255 6 2 101 1 461 47 601 1034 282 1174
256 6 2 101 1 373 432 509 946 1005 1082
257 6 2 101 1 16 17 469 238 239 1042
258 6 2 101 1 431 355 693 1004 928 1266
259 6 2 101 1 549 346 714 1122 919 1287
260 6 2 101 1 358 440 553 931 1013 1126
261 6 2 101 1 511 343 554 1084 916 1127
262 6 2 101 1 445 364 643 1018 937 1216
263 6 2 101 1 365 521 639 938 1094 1212
264 6 2 101 1 357 433 585 930 1006 1158
265 6 2 101 1 70 474 599 225 1047 1172
266 6 2 101 1 73 486 626 228 1059 1199
267 6 2 101 1 452 403 604 1025 976 1177
268 6 2 101 1 383 451 672 956 1024 1245
269 6 2 101 1 553 444 672 1126 1017 1245
270 6 2 101 1 364 447 643 937 1020 1216
271 6 2 101 1 371 466 497 944 1039 1070
272 6 2 101 1 466 411 497 1039 984 1070
273 6 2 101 1 474 71 503 1047 226 1076
274 6 2 101 1 537 404 627 1110 977 1200
275 6 2 101 1 357 434 523 930 1007 1096
276 6 2 101 1 433 338 648 1006 911 1221
277 6 2 101 1 16 469 612 238 1042 1185
278 6 2 101 1 452 374 508 1025 947 1081
279 6 2 101 1 460 347 547 1033 920 1120
280 6 2 101 1 393 460 547 966 1033 1120
281 6 2 101 1 449 335 504 1022 908 1077
282 6 2 101 1 500 352 517 1073 925 1090
283 6 2 101 1 406 500 517 979 1073 1090
284 6 2 101 1 380 500 546 953 1073 1119
285 6 2 101 1 366 439 602 939 1012 1175
286 6 2 101 1 546 500 584 1119 1073 1157
287 6 2 101 1 448 342 485 1021 915 1058
288 6 2 101 1 346 549 620 919 1122 1193
289 6 2 101 1 555 355 588 1128 928 1161
290 6 2 101 1 475 364 537 1048 937 1110
291 6 2 101 1 443 374 512 1016 947 1085
292 6 2 101 1 455 372 490 1028 945 1063
293 6 2 101 1 453 412 564 1026 985 1137
294 6 2 101 1 443 366 602 1016 939 1175
295 6 2 101 1 52 440 535 254 1013 1108
296 6 2 101 1 441 58 536 1014 260 1109
297 6 2 101 1 413 462 491 986 1035 1064
298 6 2 101 1 451 383 558 1024 956 1131
299 6 2 101 1 343 436 529 916 1009 1102
300 6 2 101 1 358 553 672 931 1126 1245
301 6 2 101 1 459 377 481 1032 950 1054
302 6 2 101 1 374 443 602 947 1016 1175
303 6 2 101 1 367 511 632 940 1084 1205
304 6 2 101 1 343 459 481 916 1032 1054
305 6 2 101 1 372 455 651 945 1028 1224
306 6 2 101 1 338 462 564 911 1035 1137
307 6 2 101 1 462 402 564 1035 975 1137
308 6 2 101 1 569 349 661 1142 922 1234
309 6 2 101 1 384 437 580 957 1010 1153
310 6 2 101 1 438 385 579 1011 958 1152
311 6 2 101 1 449 368 589 1022 941 1162
312 6 2 101 1 436 391 569 1009 964 1142
313 6 2 101 1 521 429 639 1094 1002 1212
314 6 2 101 1 336 454 514 909 1027 1087
315 6 2 101 1 454 379 514 1027 952 1087
316 6 2 101 1 437 384 630 1010 957 1203
317 6 2 101 1 385 438 631 958 1011 1204
318 6 2 101 1 349 499 661 922 1072 1234
319 6 2 101 1 73 74 486 228 229 1059
320 6 2 101 1 437 50 580 1010 252 1153
321 6 2 101 1 60 438 579 262 1011 1152
322 6 2 101 1 462 413 638 1035 986 1211
323 6 2 101 1 344 444 662 917 1017 1235
324 6 2 101 1 452 604 716 1025 1177 1289
325 6 2 101 1 439 340 545 1012 913 1118
326 6 2 101 1 57 441 531 259 1014 1104
327 6 2 101 1 71 72 503 226 227 1076
328 6 2 101 1 473 398 554 1046 971 1127
329 6 2 101 1 372 473 554 945 1046 1127
330 6 2 101 1 557 338 564 1130 911 1137
331 6 2 101 1 22 23 466 244 245 1039
332 6 2 101 1 374 467 508 947 1040 1081
333 6 2 101 1 462 638 656 1035 1211 1229
334 6 2 101 1 24 25 468 246 247 1041
335 6 2 101 1 440 358 653 1013 931 1226
336 6 2 101 1 403 452 508 976 1025 1081
337 6 2 101 1 434 585 701 1007 1158 1274
338 6 2 101 1 513 335 520 1086 908 1093
339 6 2 101 1 408 513 520 981 1086 1093
340 6 2 101 1 473 372 651 1046 945 1224
341 6 2 101 1 342 446 552 915 1019 1125
342 6 2 101 1 523 442 624 1096 1015 1197
343 6 2 101 1 435 578 623 1008 1151 1196
344 6 2 101 1 448 407 610 1021 980 1183
345 6 2 101 1 366 470 488 939 1043 1061
346 6 2 101 1 448 485 568 1021 1058 1141
347 6 2 101 1 37 512 716 272 1085 1289
348 6 2 101 1 408 523 624 981 1096 1197
349 6 2 101 1 368 449 504 941 1022 1077
350 6 2 101 1 418 472 617 991 1045 1190
351 6 2 101 1 335 449 644 908 1022 1217
352 6 2 101 1 348 467 563 921 1040 1136
353 6 2 101 1 467 396 563 1040 969 1136
354 6 2 101 1 454 404 623 1027 977 1196
355 6 2 101 1 456 15 612 1029 237 1185
356 6 2 101 1 466 371 507 1039 944 1080
357 6 2 101 1 27 490 635 249 1063 1208
358 6 2 101 1 378 634 658 951 1207 1231
359 6 2 101 1 43 450 591 278 1023 1164
360 6 2 101 1 444 344 575 1017 917 1148
361 6 2 101 1 344 528 575 917 1101 1148
362 6 2 101 1 528 431 575 1101 1004 1148
363 6 2 101 1 383 444 575 956 1017 1148
364 6 2 101 1 359 583 652 932 1156 1225
365 6 2 101 1 617 472 686 1190 1045 1259
366 6 2 101 1 404 454 627 977 1027 1200
367 6 2 101 1 578 361 623 1151 934 1196
368 6 2 101 1 446 342 628 1019 915 1201
369 6 2 101 1 376 468 506 949 1041 1079
370 6 2 101 1 486 417 626 1059 990 1199
371 6 2 101 1 373 456 612 946 1029 1185
372 6 2 101 1 583 441 652 1156 1014 1225
373 6 2 101 1 512 452 716 1085 1025 1289
374 6 2 101 1 34 35 465 269 270 1038
375 6 2 101 1 34 465 496 269 1038 1069
376 6 2 101 1 422 494 598 995 1067 1171
377 6 2 101 1 494 341 598 1067 914 1171
378 6 2 101 1 25 26 506 247 248 1079
379 6 2 101 1 450 44 518 1023 279 1091
380 6 2 101 1 364 445 537 937 1018 1110
381 6 2 101 1 367 465 577 940 1038 1150
382 6 2 101 1 465 403 577 1038 976 1150
383 6 2 101 1 351 565 566 924 1138 1139
384 6 2 101 1 31 32 473 266 267 1046
385 6 2 101 1 27 28 490 249 250 1063
386 6 2 101 1 445 549 714 1018 1122 1287
387 6 2 101 1 522 350 556 1095 923 1129
388 6 2 101 1 466 23 637 1039 245 1210
389 6 2 101 1 420 472 639 993 1045 1212
390 6 2 101 1 416 522 556 989 1095 1129
391 6 2 101 1 374 452 512 947 1025 1085
392 6 2 101 1 22 466 507 244 1039 1080
393 6 2 101 1 457 19 540 1030 241 1113
394 6 2 101 1 462 338 491 1035 911 1064
395 6 2 101 1 24 468 637 246 1041 1210
396 6 2 101 1 451 558 681 1024 1131 1254
397 6 2 101 1 444 553 662 1017 1126 1235
398 6 2 101 1 342 492 628 915 1065 1201
399 6 2 101 1 470 399 488 1043 972 1061
400 6 2 101 1 472 365 639 1045 938 1212
401 6 2 101 1 456 373 509 1029 946 1082
402 6 2 101 1 4 50 572 13 252 1145
403 6 2 101 1 60 61 573 262 263 1146
404 6 2 101 1 404 537 576 977 1110 1149
405 6 2 101 1 450 393 591 1023 966 1164
406 6 2 101 1 469 373 612 1042 946 1185
407 6 2 101 1 468 376 499 1041 949 1072
408 6 2 101 1 411 468 499 984 1041 1072
409 6 2 101 1 378 530 634 951 1103 1207
410 6 2 101 1 590 476 699 1163 1049 1272
411 6 2 101 1 576 537 714 1149 1110 1287
412 6 2 101 1 447 364 695 1020 937 1268
413 6 2 101 1 53 54 483 255 256 1056
414 6 2 101 1 479 373 642 1052 946 1215
415 6 2 101 1 396 467 545 969 1040 1118
416 6 2 101 1 368 549 643 941 1122 1216
417 6 2 101 1 15 456 682 237 1029 1255
418 6 2 101 1 355 484 550 928 1057 1123
419 6 2 101 1 484 395 550 1057 968 1123
420 6 2 101 1 413 491 669 986 1064 1242
421 6 2 101 1 362 450 603 935 1023 1176
422 6 2 101 1 440 483 553 1013 1056 1126
423 6 2 101 1 493 357 605 1066 930 1178
424 6 2 101 1 393 450 606 966 1023 1179
425 6 2 101 1 450 362 606 1023 935 1179
426 6 2 101 1 370 474 503 943 1047 1076
427 6 2 101 1 442 586 624 1015 1159 1197
428 6 2 101 1 521 365 610 1094 938 1183
429 6 2 101 1 549 445 643 1122 1018 1216
430 6 2 101 1 37 38 512 272 273 1085
431 6 2 101 1 589 368 667 1162 941 1240
432 6 2 101 1 361 454 623 934 1027 1196
433 6 2 101 1 377 458 548 950 1031 1121
434 6 2 101 1 507 371 616 1080 944 1189
435 6 2 101 1 48 534 601 283 1107 1174
436 6 2 101 1 380 476 590 953 1049 1163
437 6 2 101 1 490 419 635 1063 992 1208
438 6 2 101 1 477 443 665 1050 1016 1238
439 6 2 101 1 459 343 511 1032 916 1084
440 6 2 101 1 391 505 514 964 1078 1087
441 6 2 101 1 505 336 514 1078 909 1087
442 6 2 101 1 484 369 493 1057 942 1066
443 6 2 101 1 348 458 657 921 1031 1230
444 6 2 101 1 420 519 551 993 1092 1124
445 6 2 101 1 526 479 642 1099 1052 1215
446 6 2 101 1 454 336 627 1027 909 1200
447 6 2 101 1 395 484 493 968 1057 1066
448 6 2 101 1 463 421 588 1036 994 1161
449 6 2 101 1 411 466 637 984 1039 1210
450 6 2 101 1 15 16 612 237 238 1185
451 6 2 101 1 502 76 659 1075 231 1232
452 6 2 101 1 414 532 547 987 1105 1120
453 6 2 101 1 532 393 547 1105 966 1120
454 6 2 101 1 47 48 601 282 283 1174
455 6 2 101 1 412 516 559 985 1089 1132
456 6 2 101 1 467 348 508 1040 921 1081
457 6 2 101 1 516 353 559 1089 926 1132
458 6 2 101 1 468 411 637 1041 984 1210
459 6 2 101 1 424 590 699 997 1163 1272
460 6 2 101 1 492 418 628 1065 991 1201
461 6 2 101 1 460 425 525 1033 998 1098
462 6 2 101 1 397 471 666 970 1044 1239
463 6 2 101 1 463 409 619 1036 982 1192
464 6 2 101 1 356 463 619 929 1036 1192
465 6 2 101 1 75 76 502 230 231 1075
466 6 2 101 1 618 513 624 1191 1086 1197
467 6 2 101 1 41 532 615 276 1105 1188
468 6 2 101 1 510 65 614 1083 220 1187
469 6 2 101 1 539 344 662 1112 917 1235
470 6 2 101 1 457 386 703 1030 959 1276
471 6 2 101 1 586 360 624 1159 933 1197
472 6 2 101 1 33 34 496 268 269 1069
473 6 2 101 1 402 453 564 975 1026 1137
474 6 2 101 1 412 453 613 985 1026 1186
475 6 2 101 1 453 402 696 1026 975 1269
476 6 2 101 1 41 42 532 276 277 1105
477 6 2 101 1 347 460 525 920 1033 1098
478 6 2 101 1 455 490 694 1028 1063 1267
479 6 2 101 1 423 495 581 996 1068 1154
480 6 2 101 1 340 488 596 913 1061 1169
481 6 2 101 1 64 65 510 219 220 1083
482 6 2 101 1 379 454 568 952 1027 1141
483 6 2 101 1 492 448 610 1065 1021 1183
484 6 2 101 1 21 22 507 243 244 1080
485 6 2 101 1 30 651 680 265 1224 1253
486 6 2 101 1 513 408 624 1086 981 1197
487 6 2 101 1 611 428 673 1184 1001 1246
488 6 2 101 1 465 35 604 1038 270 1177
489 6 2 101 1 583 359 638 1156 932 1211
490 6 2 101 1 386 464 526 959 1037 1099
491 6 2 101 1 464 345 526 1037 918 1099
492 6 2 101 1 479 345 551 1052 918 1124
493 6 2 101 1 417 486 570 990 1059 1143
494 6 2 101 1 428 560 673 1001 1133 1246
495 6 2 101 1 454 361 568 1027 934 1141
496 6 2 101 1 497 349 607 1070 922 1180
497 6 2 101 1 392 474 574 965 1047 1147
498 6 2 101 1 474 370 574 1047 943 1147
499 6 2 101 1 420 551 689 993 1124 1262
500 6 2 101 1 403 465 604 976 1038 1177
501 6 2 101 1 458 348 548 1031 921 1121
502 6 2 101 1 350 522 696 923 1095 1269
503 6 2 101 1 515 379 607 1088 952 1180
504 6 2 101 1 427 502 659 1000 1075 1232
505 6 2 101 1 522 453 696 1095 1026 1269
506 6 2 101 1 558 421 571 1131 994 1144
507 6 2 101 1 442 476 586 1015 1049 1159
508 6 2 101 1 378 519 708 951 1092 1281
509 6 2 101 1 474 392 599 1047 965 1172
510 6 2 101 1 519 679 708 1092 1252 1281
511 6 2 101 1 66 67 498 221 222 1071
512 6 2 101 1 651 455 680 1224 1028 1253
513 6 2 101 1 366 477 636 939 1050 1209
514 6 2 101 1 477 414 636 1050 987 1209
515 6 2 101 1 414 547 636 987 1120 1209
516 6 2 101 1 487 600 620 1060 1173 1193
517 6 2 101 1 494 422 574 1067 995 1147
518 6 2 101 1 19 457 703 241 1030 1276
519 6 2 101 1 497 607 688 1070 1180 1261
520 6 2 101 1 339 558 571 912 1131 1144
521 6 2 101 1 362 460 606 935 1033 1179
522 6 2 101 1 19 20 540 241 242 1113
523 6 2 101 1 471 344 539 1044 917 1112
524 6 2 101 1 415 507 616 988 1080 1189
525 6 2 101 1 475 410 538 1048 983 1111
526 6 2 101 1 364 475 538 937 1048 1111
527 6 2 101 1 386 457 629 959 1030 1202
528 6 2 101 1 476 380 586 1049 953 1159
529 6 2 101 1 416 510 614 989 1083 1187
530 6 2 101 1 391 514 515 964 1087 1088
531 6 2 101 1 514 379 515 1087 952 1088
532 6 2 101 1 487 394 600 1060 967 1173
533 6 2 101 1 394 489 641 967 1062 1214
534 6 2 101 1 480 343 529 1053 916 1102
535 6 2 101 1 461 389 566 1034 962 1139
536 6 2 101 1 603 405 671 1176 978 1244
537 6 2 101 1 471 539 666 1044 1112 1239
538 6 2 101 1 405 565 671 978 1138 1244
539 6 2 101 1 634 432 658 1207 1005 1231
540 6 2 101 1 345 479 526 918 1052 1099
541 6 2 101 1 607 379 712 1180 952 1285
542 6 2 101 1 461 405 582 1034 978 1155
543 6 2 101 1 46 461 582 281 1034 1155
544 6 2 101 1 31 473 651 266 1046 1224
545 6 2 101 1 472 420 689 1045 993 1262
546 6 2 101 1 517 387 608 1090 960 1181
547 6 2 101 1 558 339 681 1131 912 1254
548 6 2 101 1 458 367 577 1031 940 1150
549 6 2 101 1 355 555 693 928 1128 1266
550 6 2 101 1 345 464 686 918 1037 1259
551 6 2 101 1 460 393 606 1033 966 1179
552 6 2 101 1 352 500 590 925 1073 1163
553 6 2 101 1 469 17 567 1042 239 1140
554 6 2 101 1 473 32 595 1046 267 1168
555 6 2 101 1 398 473 595 971 1046 1168
556 6 2 101 1 399 478 597 972 1051 1170
557 6 2 101 1 478 356 597 1051 929 1170
558 6 2 101 1 399 470 609 972 1043 1182
559 6 2 101 1 470 347 609 1043 920 1182
560 6 2 101 1 458 577 657 1031 1150 1230
561 6 2 101 1 435 482 578 1008 1055 1151
562 6 2 101 1 482 407 578 1055 980 1151
563 6 2 101 1 380 489 586 953 1062 1159
564 6 2 101 1 421 463 674 994 1036 1247
565 6 2 101 1 389 461 601 962 1034 1174
566 6 2 101 1 488 399 596 1061 972 1169
567 6 2 101 1 387 561 608 960 1134 1181
568 6 2 101 1 56 57 531 258 259 1104
569 6 2 101 1 368 504 549 941 1077 1122
570 6 2 101 1 386 469 567 959 1042 1140
571 6 2 101 1 463 356 649 1036 929 1222
572 6 2 101 1 495 69 599 1068 224 1172
573 6 2 101 1 681 401 691 1254 974 1264
574 6 2 101 1 409 463 588 982 1036 1161
575 6 2 101 1 44 45 518 279 280 1091
576 6 2 101 1 501 55 647 1074 257 1220
577 6 2 101 1 344 471 684 917 1044 1257
578 6 2 101 1 699 494 704 1272 1067 1277
579 6 2 101 1 406 593 640 979 1166 1213
580 6 2 101 1 40 477 665 275 1050 1238
581 6 2 101 1 472 418 687 1045 991 1260
582 6 2 101 1 365 472 687 938 1045 1260
583 6 2 101 1 402 462 656 975 1035 1229
584 6 2 101 1 417 570 700 990 1143 1273
585 6 2 101 1 464 386 629 1037 959 1202
586 6 2 101 1 381 483 625 954 1056 1198
587 6 2 101 1 396 538 563 969 1111 1136
588 6 2 101 1 538 410 563 1111 983 1136
589 6 2 101 1 480 372 554 1053 945 1127
590 6 2 101 1 419 480 670 992 1053 1243
591 6 2 101 1 524 422 598 1097 995 1171
592 6 2 101 1 467 374 654 1040 947 1227
593 6 2 101 1 532 414 615 1105 987 1188
594 6 2 101 1 483 381 553 1056 954 1126
595 6 2 101 1 30 31 651 265 266 1224
596 6 2 101 1 489 546 641 1062 1119 1214
597 6 2 101 1 510 416 556 1083 989 1129
598 6 2 101 1 388 510 556 961 1083 1129
599 6 2 101 1 469 386 642 1042 959 1215
600 6 2 101 1 55 56 647 257 258 1220
601 6 2 101 1 485 379 568 1058 952 1141
602 6 2 101 1 545 467 654 1118 1040 1227
603 6 2 101 1 489 380 546 1062 953 1119
604 6 2 101 1 638 359 656 1211 932 1229
605 6 2 101 1 363 617 629 936 1190 1202
606 6 2 101 1 617 464 629 1190 1037 1202
607 6 2 101 1 673 571 706 1246 1144 1279
608 6 2 101 1 585 390 701 1158 963 1274
609 6 2 101 1 565 351 622 1138 924 1195
610 6 2 101 1 373 469 642 946 1042 1215
611 6 2 101 1 533 388 710 1106 961 1283
612 6 2 101 1 389 534 711 962 1107 1284
613 6 2 101 1 69 70 599 224 225 1172
614 6 2 101 1 430 589 667 1003 1162 1240
615 6 2 101 1 341 494 699 914 1067 1272
616 6 2 101 1 470 366 636 1043 939 1209
617 6 2 101 1 336 505 660 909 1078 1233
618 6 2 101 1 386 567 703 959 1140 1276
619 6 2 101 1 409 550 587 982 1123 1160
620 6 2 101 1 388 573 710 961 1146 1283
621 6 2 101 1 572 389 711 1145 962 1284
622 6 2 101 1 66 498 614 221 1071 1187
623 6 2 101 1 77 78 530 232 233 1103
624 6 2 101 1 540 415 715 1113 988 1288
625 6 2 101 1 356 478 649 929 1051 1222
626 6 2 101 1 576 346 600 1149 919 1173
627 6 2 101 1 435 576 600 1008 1149 1173
628 6 2 101 1 477 40 615 1050 275 1188
629 6 2 101 1 395 493 605 968 1066 1178
630 6 2 101 1 502 427 561 1075 1000 1134
631 6 2 101 1 486 387 570 1059 960 1143
632 6 2 101 1 535 384 580 1108 957 1153
633 6 2 101 1 385 536 579 958 1109 1152
634 6 2 101 1 339 571 673 912 1144 1246
635 6 2 101 1 529 436 661 1102 1009 1234
636 6 2 101 1 376 529 661 949 1102 1234
637 6 2 101 1 428 565 622 1001 1138 1195
638 6 2 101 1 415 650 715 988 1223 1288
639 6 2 101 1 451 681 691 1024 1254 1264
640 6 2 101 1 501 381 625 1074 954 1198
641 6 2 101 1 51 52 535 253 254 1108
642 6 2 101 1 58 59 536 260 261 1109
643 6 2 101 1 423 516 692 996 1089 1265
644 6 2 101 1 69 495 668 224 1068 1241
645 6 2 101 1 476 341 699 1049 914 1272
646 6 2 101 1 407 521 610 980 1094 1183
647 6 2 101 1 581 392 676 1154 965 1249
648 6 2 101 1 384 542 630 957 1115 1203
649 6 2 101 1 543 385 631 1116 958 1204
650 6 2 101 1 504 400 549 1077 973 1122
651 6 2 101 1 410 475 660 983 1048 1233
652 6 2 101 1 33 496 595 268 1069 1168
653 6 2 101 1 496 398 595 1069 971 1168
654 6 2 101 1 593 429 640 1166 1002 1213
655 6 2 101 1 358 541 653 931 1114 1226
656 6 2 101 1 544 359 652 1117 932 1225
657 6 2 101 1 384 541 542 957 1114 1115
658 6 2 101 1 541 401 542 1114 974 1115
659 6 2 101 1 543 402 544 1116 975 1117
660 6 2 101 1 385 543 544 958 1116 1117
661 6 2 101 1 524 598 701 1097 1171 1274
662 6 2 101 1 351 566 675 924 1139 1248
663 6 2 101 1 382 478 709 955 1051 1282
664 6 2 101 1 59 60 579 261 262 1152
665 6 2 101 1 50 51 580 252 253 1153
666 6 2 101 1 424 699 704 997 1272 1277
667 6 2 101 1 403 508 657 976 1081 1230
668 6 2 101 1 600 346 620 1173 919 1193
669 6 2 101 1 405 518 582 978 1091 1155
670 6 2 101 1 518 45 582 1091 280 1155
671 6 2 101 1 387 486 592 960 1059 1165
672 6 2 101 1 67 68 594 222 223 1167
673 6 2 101 1 486 74 592 1059 229 1165
674 6 2 101 1 80 509 707 235 1082 1280
675 6 2 101 1 576 435 623 1149 1008 1196
676 6 2 101 1 450 518 603 1023 1091 1176
677 6 2 101 1 481 377 702 1054 950 1275
678 6 2 101 1 535 440 653 1108 1013 1226
679 6 2 101 1 441 536 652 1014 1109 1225
680 6 2 101 1 342 552 713 915 1125 1286
681 6 2 101 1 630 351 675 1203 924 1248
682 6 2 101 1 442 523 621 1015 1096 1194
683 6 2 101 1 377 548 633 950 1121 1206
684 6 2 101 1 519 378 551 1092 951 1124
685 6 2 101 1 55 501 625 257 1074 1198
686 6 2 101 1 478 399 609 1051 972 1182
687 6 2 101 1 398 511 554 971 1084 1127
688 6 2 101 1 79 80 707 234 235 1280
689 6 2 101 1 414 477 615 987 1050 1188
690 6 2 101 1 39 40 665 274 275 1238
691 6 2 101 1 370 494 574 943 1067 1147
692 6 2 101 1 489 360 586 1062 933 1159
693 6 2 101 1 369 528 669 942 1101 1242
694 6 2 101 1 387 502 561 960 1075 1134
695 6 2 101 1 372 480 697 945 1053 1270
696 6 2 101 1 480 419 697 1053 992 1270
697 6 2 101 1 614 498 664 1187 1071 1237
698 6 2 101 1 478 382 649 1051 955 1222
699 6 2 101 1 78 79 634 233 234 1207
700 6 2 101 1 337 482 641 910 1055 1214
701 6 2 101 1 68 69 668 223 224 1241
702 6 2 101 1 379 485 712 952 1058 1285
703 6 2 101 1 485 342 713 1058 915 1286
704 6 2 101 1 482 394 641 1055 967 1214
705 6 2 101 1 589 430 597 1162 1003 1170
706 6 2 101 1 356 589 597 929 1162 1170
707 6 2 101 1 406 517 608 979 1090 1181
708 6 2 101 1 505 633 660 1078 1206 1233
709 6 2 101 1 495 392 581 1068 965 1154
710 6 2 101 1 479 551 658 1052 1124 1231
711 6 2 101 1 480 529 670 1053 1102 1243
712 6 2 101 1 375 516 613 948 1089 1186
713 6 2 101 1 516 412 613 1089 985 1186
714 6 2 101 1 370 503 705 943 1076 1278
715 6 2 101 1 500 406 584 1073 979 1157
716 6 2 101 1 432 479 658 1005 1052 1231
717 6 2 101 1 475 627 660 1048 1200 1233
718 6 2 101 1 627 336 660 1200 909 1233
719 6 2 101 1 401 560 622 974 1133 1195
720 6 2 101 1 560 428 622 1133 1001 1195
721 6 2 101 1 17 18 567 239 240 1140
722 6 2 101 1 483 54 625 1056 256 1198
723 6 2 101 1 409 587 644 982 1160 1217
724 6 2 101 1 519 420 646 1092 993 1219
725 6 2 101 1 354 519 646 927 1092 1219
726 6 2 101 1 387 517 570 960 1090 1143
727 6 2 101 1 556 350 655 1129 923 1228
728 6 2 101 1 522 375 613 1095 948 1186
729 6 2 101 1 453 522 613 1026 1095 1186
730 6 2 101 1 524 390 559 1097 963 1132
731 6 2 101 1 352 527 700 925 1100 1273
732 6 2 101 1 487 400 618 1060 973 1191
733 6 2 101 1 360 487 618 933 1060 1191
734 6 2 101 1 54 55 625 256 257 1198
735 6 2 101 1 353 524 559 926 1097 1132
736 6 2 101 1 502 387 592 1075 960 1165
737 6 2 101 1 42 43 591 277 278 1164
738 6 2 101 1 500 380 590 1073 953 1163
739 6 2 101 1 77 530 659 232 1103 1232
740 6 2 101 1 391 515 569 964 1088 1142
741 6 2 101 1 515 349 569 1088 922 1142
742 6 2 101 1 517 352 570 1090 925 1143
743 6 2 101 1 392 495 599 965 1068 1172
744 6 2 101 1 507 415 645 1080 988 1218
745 6 2 101 1 21 507 645 243 1080 1218
746 6 2 101 1 418 492 687 991 1065 1260
747 6 2 101 1 492 365 687 1065 938 1260
748 6 2 101 1 498 67 594 1071 222 1167
749 6 2 101 1 29 680 694 251 1253 1267
750 6 2 101 1 562 340 678 1135 913 1251
751 6 2 101 1 447 562 678 1020 1135 1251
752 6 2 101 1 360 618 624 933 1191 1197
753 6 2 101 1 400 487 620 973 1060 1193
754 6 2 101 1 562 447 695 1135 1020 1268
755 6 2 101 1 18 19 703 240 241 1276
756 6 2 101 1 521 337 640 1094 910 1213
757 6 2 101 1 429 521 640 1002 1094 1213
758 6 2 101 1 555 421 558 1128 994 1131
759 6 2 101 1 355 550 588 928 1123 1161
760 6 2 101 1 550 409 588 1123 982 1161
761 6 2 101 1 365 492 610 938 1065 1183
762 6 2 101 1 443 512 683 1016 1085 1256
763 6 2 101 1 75 502 592 230 1075 1165
764 6 2 101 1 74 75 592 229 230 1165
765 6 2 101 1 490 372 697 1063 945 1270
766 6 2 101 1 419 490 697 992 1063 1270
767 6 2 101 1 516 375 692 1089 948 1265
768 6 2 101 1 510 388 663 1083 961 1236
769 6 2 101 1 607 426 688 1180 999 1261
770 6 2 101 1 40 41 615 275 276 1188
771 6 2 101 1 548 348 563 1121 921 1136
772 6 2 101 1 410 548 563 983 1121 1136
773 6 2 101 1 350 631 655 923 1204 1228
774 6 2 101 1 659 530 708 1232 1103 1281
775 6 2 101 1 506 419 670 1079 992 1243
776 6 2 101 1 376 506 670 949 1079 1243
777 6 2 101 1 395 520 587 968 1093 1160
778 6 2 101 1 520 335 587 1093 908 1160
779 6 2 101 1 532 42 591 1105 277 1164
780 6 2 101 1 396 545 562 969 1118 1135
781 6 2 101 1 545 340 562 1118 913 1135
782 6 2 101 1 377 505 702 950 1078 1275
783 6 2 101 1 375 498 692 948 1071 1265
784 6 2 101 1 45 46 582 280 281 1155
785 6 2 101 1 490 28 694 1063 250 1267
786 6 2 101 1 523 434 621 1096 1007 1194
787 6 2 101 1 383 555 558 956 1128 1131
788 6 2 101 1 436 569 661 1009 1142 1234
789 6 2 101 1 491 369 669 1064 942 1242
790 6 2 101 1 511 398 632 1084 971 1205
791 6 2 101 1 398 496 632 971 1069 1205
792 6 2 101 1 638 413 684 1211 986 1257
793 6 2 101 1 397 531 583 970 1104 1156
794 6 2 101 1 531 441 583 1104 1014 1156
795 6 2 101 1 390 557 559 963 1130 1132
796 6 2 101 1 557 412 559 1130 985 1132
797 6 2 101 1 397 501 647 970 1074 1220
798 6 2 101 1 494 370 704 1067 943 1277
799 6 2 101 1 63 64 663 218 219 1236
800 6 2 101 1 534 389 601 1107 962 1174
801 6 2 101 1 471 638 684 1044 1211 1257
802 6 2 101 1 384 535 653 957 1108 1226
803 6 2 101 1 536 385 652 1109 958 1225
804 6 2 101 1 381 501 666 954 1074 1239
805 6 2 101 1 56 531 647 258 1104 1220
806 6 2 101 1 28 29 694 250 251 1267
807 6 2 101 1 495 423 668 1068 996 1241
808 6 2 101 1 594 68 668 1167 223 1241
809 6 2 101 1 349 497 690 922 1070 1263
810 6 2 101 1 371 497 688 944 1070 1261
811 6 2 101 1 497 411 690 1070 984 1263
812 6 2 101 1 639 429 646 1212 1002 1219
813 6 2 101 1 338 557 648 911 1130 1221
814 6 2 101 1 32 33 595 267 268 1168
815 6 2 101 1 498 375 664 1071 948 1237
816 6 2 101 1 419 506 635 992 1079 1208
817 6 2 101 1 506 26 635 1079 248 1208
818 6 2 101 1 524 353 676 1097 926 1249
819 6 2 101 1 422 524 676 995 1097 1249
820 6 2 101 1 561 427 679 1134 1000 1252
821 6 2 101 1 51 535 580 253 1108 1153
822 6 2 101 1 536 59 579 1109 261 1152
823 6 2 101 1 512 38 683 1085 273 1256
824 6 2 101 1 549 400 620 1122 973 1193
825 6 2 101 1 573 388 655 1146 961 1228
826 6 2 101 1 438 573 655 1011 1146 1228
827 6 2 101 1 346 576 714 919 1149 1287
828 6 2 101 1 29 2 680 251 12 1253
829 6 2 101 1 2 30 680 12 265 1253
830 6 2 101 1 503 72 626 1076 227 1199
831 6 2 101 1 593 406 608 1166 979 1181
832 6 2 101 1 499 376 661 1072 949 1234
833 6 2 101 1 81 1 682 236 11 1255
834 6 2 101 1 1 15 682 11 237 1255
835 6 2 101 1 411 499 690 984 1072 1263
836 6 2 101 1 499 349 690 1072 922 1263
837 6 2 101 1 388 533 663 961 1106 1236
838 6 2 101 1 518 405 603 1091 978 1176
839 6 2 101 1 417 503 626 990 1076 1199
840 6 2 101 1 35 36 604 270 271 1177
841 6 2 101 1 533 63 663 1106 218 1236
842 6 2 101 1 393 532 591 966 1105 1164
843 6 2 101 1 525 382 709 1098 955 1282
844 6 2 101 1 520 395 605 1093 968 1178
845 6 2 101 1 634 79 707 1207 234 1280
846 6 2 101 1 408 520 677 981 1093 1250
847 6 2 101 1 505 377 633 1078 950 1206
848 6 2 101 1 349 515 607 922 1088 1180
849 6 2 101 1 553 381 662 1126 954 1235
850 6 2 101 1 501 397 666 1074 970 1239
851 6 2 101 1 337 546 584 910 1119 1157
852 6 2 101 1 386 526 642 959 1099 1215
853 6 2 101 1 680 455 694 1253 1028 1267
854 6 2 101 1 400 513 618 973 1086 1191
855 6 2 101 1 434 598 621 1007 1171 1194
856 6 2 101 1 598 341 621 1171 914 1194
857 6 2 101 1 548 410 633 1121 983 1206
858 6 2 101 1 550 395 587 1123 968 1160
859 6 2 101 1 439 545 654 1012 1118 1227
860 6 2 101 1 65 66 614 220 221 1187
861 6 2 101 1 522 416 664 1095 989 1237
862 6 2 101 1 375 522 664 948 1095 1237
863 6 2 101 1 72 73 626 227 228 1199
864 6 2 101 1 456 509 698 1029 1082 1271
865 6 2 101 1 509 80 698 1082 235 1271
866 6 2 101 1 552 446 616 1125 1019 1189
867 6 2 101 1 371 552 616 944 1125 1189
868 6 2 101 1 584 406 640 1157 979 1213
869 6 2 101 1 416 614 664 989 1187 1237
870 6 2 101 1 525 425 706 1098 998 1279
871 6 2 101 1 508 348 657 1081 921 1230
872 6 2 101 1 538 396 695 1111 969 1268
873 6 2 101 1 551 345 689 1124 918 1262
874 6 2 101 1 604 36 716 1177 271 1289
875 6 2 101 1 503 417 705 1076 990 1278
876 6 2 101 1 505 391 702 1078 964 1275
877 6 2 101 1 619 409 644 1192 982 1217
878 6 2 101 1 449 619 644 1022 1192 1217
879 6 2 101 1 26 27 635 248 249 1208
880 6 2 101 1 23 24 637 245 246 1210
881 6 2 101 1 351 542 622 924 1115 1195
882 6 2 101 1 64 510 663 219 1083 1236
883 6 2 101 1 572 437 675 1145 1010 1248
884 6 2 101 1 389 572 675 962 1145 1248
885 6 2 101 1 531 397 647 1104 970 1220
886 6 2 101 1 20 21 645 242 243 1218
887 6 2 101 1 509 432 707 1082 1005 1280
888 6 2 101 1 354 561 679 927 1134 1252
889 6 2 101 1 544 402 656 1117 975 1229
890 6 2 101 1 540 20 645 1113 242 1218
891 6 2 101 1 415 540 645 988 1113 1218
892 6 2 101 1 357 523 677 930 1096 1250
893 6 2 101 1 560 401 681 1133 974 1254
894 6 2 101 1 551 378 658 1124 951 1231
895 6 2 101 1 401 541 691 974 1114 1264
896 6 2 101 1 402 543 696 975 1116 1269
897 6 2 101 1 382 525 706 955 1098 1279
898 6 2 101 1 76 77 659 231 232 1232
899 6 2 101 1 430 596 597 1003 1169 1170
900 6 2 101 1 596 399 597 1169 972 1170
901 6 2 101 1 429 593 646 1002 1166 1219
902 6 2 101 1 347 525 709 920 1098 1282
903 6 2 101 1 530 78 634 1103 233 1207
904 6 2 101 1 561 354 608 1134 927 1181
905 6 2 101 1 396 562 695 969 1135 1268
906 6 2 101 1 415 616 650 988 1189 1223
907 6 2 101 1 616 446 650 1189 1019 1223
908 6 2 101 1 546 337 641 1119 910 1214
909 6 2 101 1 539 381 666 1112 954 1239
910 6 2 101 1 425 673 706 998 1246 1279
911 6 2 101 1 519 354 679 1092 927 1252
912 6 2 101 1 38 39 683 273 274 1256
913 6 2 101 1 528 413 669 1101 986 1242
914 6 2 101 1 449 589 619 1022 1162 1192
915 6 2 101 1 589 356 619 1162 929 1192
916 6 2 101 1 527 424 704 1100 997 1277
917 6 2 101 1 370 527 704 943 1100 1277
918 6 2 101 1 552 426 713 1125 999 1286
919 6 2 101 1 80 81 698 235 236 1271
920 6 2 101 1 523 408 677 1096 981 1250
921 6 2 101 1 542 401 622 1115 974 1195
922 6 2 101 1 61 62 710 263 264 1283
923 6 2 101 1 49 4 711 284 13 1284
924 6 2 101 1 598 434 701 1171 1007 1274
925 6 2 101 1 36 37 716 271 272 1289
926 6 2 101 1 420 639 646 993 1212 1219
927 6 2 101 1 542 351 630 1115 924 1203
928 6 2 101 1 350 543 631 923 1116 1204
929 6 2 101 1 426 552 688 999 1125 1261
930 6 2 101 1 552 371 688 1125 944 1261
931 6 2 101 1 374 602 654 947 1175 1227
932 6 2 101 1 602 439 654 1175 1012 1227
933 6 2 101 1 425 611 673 998 1184 1246
934 6 2 101 1 390 524 701 963 1097 1274
935 6 2 101 1 413 528 684 986 1101 1257
936 6 2 101 1 529 376 670 1102 949 1243
937 6 2 101 1 557 390 648 1130 963 1221
938 6 2 101 1 528 344 684 1101 917 1257
939 6 2 101 1 417 527 705 990 1100 1278
940 6 2 101 1 527 417 700 1100 990 1273
941 6 2 101 1 385 544 652 958 1117 1225
942 6 2 101 1 541 384 653 1114 957 1226
943 6 2 101 1 527 370 705 1100 943 1278
944 6 2 101 1 359 544 656 932 1117 1229
945 6 2 101 1 381 539 662 954 1112 1235
946 6 2 101 1 427 659 708 1000 1232 1281
947 6 2 101 1 530 378 708 1103 951 1281
948 6 2 101 1 423 594 668 996 1167 1241
949 6 2 101 1 520 605 677 1093 1178 1250
950 6 2 101 1 534 49 711 1107 284 1284
951 6 2 101 1 62 533 710 264 1106 1283
952 6 2 101 1 404 576 623 977 1149 1196
953 6 2 101 1 354 593 608 927 1166 1181
954 6 2 101 1 464 617 686 1037 1190 1259
955 6 2 101 1 364 538 695 937 1111 1268
956 6 2 101 1 498 594 692 1071 1167 1265
957 6 2 101 1 390 585 648 963 1158 1221
958 6 2 101 1 537 445 714 1110 1018 1287
959 6 2 101 1 541 358 691 1114 931 1264
960 6 2 101 1 388 556 655 961 1129 1228
961 6 2 101 1 543 350 696 1116 923 1269
962 6 2 101 1 587 335 644 1160 908 1217
963 6 2 101 1 629 457 715 1202 1030 1288
964 6 2 101 1 363 629 715 936 1202 1288
965 6 2 101 1 457 540 715 1030 1113 1288
966 6 2 101 1 577 403 657 1150 976 1230
967 6 2 101 1 571 421 674 1144 994 1247
968 6 2 101 1 382 571 674 955 1144 1247
969 6 2 101 1 337 584 640 910 1157 1213
970 6 2 101 1 686 472 689 1259 1045 1262
971 6 2 101 1 345 686 689 918 1259 1262
972 6 2 101 1 650 446 685 1223 1019 1258
973 6 2 101 1 362 603 671 935 1176 1244
974 6 2 101 1 426 607 712 999 1180 1285
975 6 2 101 1 555 383 693 1128 956 1266
976 6 2 101 1 560 339 673 1133 912 1246
977 6 2 101 1 565 428 671 1138 1001 1244
978 6 2 101 1 339 560 681 912 1133 1254
979 6 2 101 1 585 433 648 1158 1006 1221
980 6 2 101 1 418 617 685 991 1190 1258
981 6 2 101 1 593 354 646 1166 927 1219
982 6 2 101 1 566 389 675 1139 962 1248
983 6 2 101 1 340 596 678 913 1169 1251
984 6 2 101 1 596 430 678 1169 1003 1251
985 6 2 101 1 628 418 685 1201 991 1258
986 6 2 101 1 363 650 685 936 1223 1258
987 6 2 101 1 575 431 693 1148 1004 1266
988 6 2 101 1 383 575 693 956 1148 1266
989 6 2 101 1 679 427 708 1252 1000 1281
990 6 2 101 1 432 634 707 1005 1207 1280
991 6 2 101 1 605 357 677 1178 930 1250
992 6 2 101 1 609 347 709 1182 920 1282
993 6 2 101 1 633 410 660 1206 983 1233
994 6 2 101 1 570 352 700 1143 925 1273
995 6 2 101 1 353 581 676 926 1154 1249
996 6 2 101 1 567 18 703 1140 240 1276
997 6 2 101 1 571 382 706 1144 955 1279
998 6 2 101 1 4 572 711 13 1145 1284
999 6 2 101 1 573 61 710 1146 263 1283
1000 6 2 101 1 428 611 671 1001 1184 1244
1001 6 2 101 1 611 362 671 1184 935 1244
1002 6 2 101 1 437 630 675 1010 1203 1248
1003 6 2 101 1 631 438 655 1204 1011 1228
1004 6 2 101 1 643 447 667 1216 1020 1240
1005 6 2 101 1 368 643 667 941 1216 1240
1006 6 2 101 1 682 456 698 1255 1029 1271
1007 6 2 101 1 81 682 698 236 1255 1271
1008 6 2 101 1 446 628 685 1019 1201 1258
1009 6 2 101 1 463 649 674 1036 1222 1247
1010 6 2 101 1 649 382 674 1222 955 1247
1011 6 2 101 1 594 423 692 1167 996 1265
1012 6 2 101 1 430 667 678 1003 1240 1251
1013 6 2 101 1 667 447 678 1240 1020 1251
1014 6 2 101 1 358 672 691 931 1245 1264
1015 6 2 101 1 672 451 691 1245 1024 1264
1016 6 2 101 1 712 485 713 1285 1058 1286
1017 6 2 101 1 426 712 713 999 1285 1286
1018 6 2 101 1 650 363 715 1223 936 1288
1019 6 2 101 1 617 363 685 1190 936 1258
1020 6 2 101 1 478 609 709 1051 1182 1282
1021 6 2 101 1 39 665 683 274 1238 1256
1022 6 2 101 1 665 443 683 1238 1016 1256
1023 6 2 102 2 145 761 754 210 1334 1327
1024 6 2 102 2 755 887 747 1328 1460 1320
1025 6 2 102 2 99 759 98 302 1332 301
1026 6 2 102 2 157 862 149 317 1435 214
1027 6 2 102 2 28 781 29 250 1354 251
1028 6 2 102 2 771 781 28 1344 1354 250
1029 6 2 102 2 89 859 88 292 1432 291
1030 6 2 102 2 756 797 139 1329 1370 204
1031 6 2 102 2 749 897 757 1322 1470 1330
1032 6 2 102 2 797 887 723 1370 1460 1296
1033 6 2 102 2 88 859 841 291 1432 1414
1034 6 2 102 2 787 816 727 1360 1389 1300
1035 6 2 102 2 786 815 726 1359 1388 1299
1036 6 2 102 2 785 814 725 1358 1387 1298
1037 6 2 102 2 140 756 139 205 1329 204
1038 6 2 102 2 772 795 733 1345 1368 1306
1039 6 2 102 2 779 827 731 1352 1400 1304
1040 6 2 102 2 733 795 782 1306 1368 1355
1041 6 2 102 2 757 833 87 1330 1406 290
1042 6 2 102 2 157 149 156 317 214 316
1043 6 2 102 2 161 761 160 321 1334 320
1044 6 2 102 2 739 793 776 1312 1366 1349
1045 6 2 102 2 748 855 128 1321 1428 193
1046 6 2 102 2 738 795 772 1311 1368 1345
1047 6 2 102 2 87 841 757 290 1414 1330
1048 6 2 102 2 723 887 755 1296 1460 1328
1049 6 2 102 2 741 799 143 1314 1372 208
1050 6 2 102 2 845 850 719 1418 1423 1292
1051 6 2 102 2 846 851 718 1419 1424 1291
1052 6 2 102 2 143 863 741 208 1436 1314
1053 6 2 102 2 729 796 756 1302 1369 1329
1054 6 2 102 2 167 762 166 327 1335 326
1055 6 2 102 2 724 897 760 1297 1470 1333
1056 6 2 102 2 722 822 779 1295 1395 1352
1057 6 2 102 2 717 827 779 1290 1400 1352
1058 6 2 102 2 92 763 91 295 1336 294
1059 6 2 102 2 757 897 724 1330 1470 1297
1060 6 2 102 2 760 800 724 1333 1373 1297
1061 6 2 102 2 757 841 749 1330 1414 1322
1062 6 2 102 2 734 866 835 1307 1439 1408
1063 6 2 102 2 756 887 797 1329 1460 1370
1064 6 2 102 2 761 840 754 1334 1413 1327
1065 6 2 102 2 113 114 105 178 179 308
1066 6 2 102 2 822 855 748 1395 1428 1321
1067 6 2 102 2 734 835 809 1307 1408 1382
1068 6 2 102 2 776 793 725 1349 1366 1298
1069 6 2 102 2 747 837 755 1320 1410 1328
1070 6 2 102 2 145 754 144 210 1327 209
1071 6 2 102 2 835 866 755 1408 1439 1328
1072 6 2 102 2 813 839 728 1386 1412 1301
1073 6 2 102 2 27 771 28 249 1344 250
1074 6 2 102 2 17 766 18 239 1339 240
1075 6 2 102 2 19 767 20 241 1340 242
1076 6 2 102 2 21 768 22 243 1341 244
1077 6 2 102 2 23 769 24 245 1342 246
1078 6 2 102 2 25 770 26 247 1343 248
1079 6 2 102 2 782 795 123 1355 1368 188
1080 6 2 102 2 105 114 104 308 179 307
1081 6 2 102 2 830 831 84 1403 1404 287
1082 6 2 102 2 732 799 778 1305 1372 1351
1083 6 2 102 2 760 819 730 1333 1392 1303
1084 6 2 102 2 128 894 748 193 1467 1321
1085 6 2 102 2 94 772 93 297 1345 296
1086 6 2 102 2 787 844 816 1360 1417 1389
1087 6 2 102 2 786 845 815 1359 1418 1388
1088 6 2 102 2 785 846 814 1358 1419 1387
1089 6 2 102 2 739 883 849 1312 1456 1422
1090 6 2 102 2 728 839 784 1301 1412 1357
1091 6 2 102 2 780 812 734 1353 1385 1307
1092 6 2 102 2 726 888 805 1299 1461 1378
1093 6 2 102 2 727 889 807 1300 1462 1380
1094 6 2 102 2 805 893 726 1378 1466 1299
1095 6 2 102 2 807 892 727 1380 1465 1300
1096 6 2 102 2 106 113 105 309 178 308
1097 6 2 102 2 756 820 729 1329 1393 1302
1098 6 2 102 2 764 850 845 1337 1423 1418
1099 6 2 102 2 759 794 98 1332 1367 301
1100 6 2 102 2 765 851 846 1338 1424 1419
1101 6 2 102 2 778 799 741 1351 1372 1314
1102 6 2 102 2 790 869 742 1363 1442 1315
1103 6 2 102 2 165 778 164 325 1351 324
1104 6 2 102 2 764 845 744 1337 1418 1317
1105 6 2 102 2 779 822 748 1352 1395 1321
1106 6 2 102 2 149 862 148 214 1435 213
1107 6 2 102 2 829 840 162 1402 1413 322
1108 6 2 102 2 776 883 739 1349 1456 1312
1109 6 2 102 2 765 846 745 1338 1419 1318
1110 6 2 102 2 740 812 780 1313 1385 1353
1111 6 2 102 2 774 859 90 1347 1432 293
1112 6 2 102 2 758 844 743 1331 1417 1316
1113 6 2 102 2 114 876 104 179 1449 307
1114 6 2 102 2 147 798 146 212 1371 211
1115 6 2 102 2 99 808 759 302 1381 1332
1116 6 2 102 2 722 869 790 1295 1442 1363
1117 6 2 102 2 730 823 760 1303 1396 1333
1118 6 2 102 2 161 840 761 321 1413 1334
1119 6 2 102 2 805 888 768 1378 1461 1341
1120 6 2 102 2 807 889 770 1380 1462 1343
1121 6 2 102 2 788 904 808 1361 1477 1381
1122 6 2 102 2 85 830 84 288 1403 287
1123 6 2 102 2 767 893 805 1340 1466 1378
1124 6 2 102 2 769 892 807 1342 1465 1380
1125 6 2 102 2 737 816 813 1310 1389 1386
1126 6 2 102 2 814 818 735 1387 1391 1308
1127 6 2 102 2 815 817 736 1388 1390 1309
1128 6 2 102 2 721 826 784 1294 1399 1357
1129 6 2 102 2 148 862 825 213 1435 1398
1130 6 2 102 2 90 843 774 293 1416 1347
1131 6 2 102 2 773 867 747 1346 1440 1320
1132 6 2 102 2 725 793 785 1298 1366 1358
1133 6 2 102 2 167 842 762 327 1415 1335
1134 6 2 102 2 163 829 162 323 1402 322
1135 6 2 102 2 96 783 95 299 1356 298
1136 6 2 102 2 174 780 173 334 1353 333
1137 6 2 102 2 724 899 757 1297 1472 1330
1138 6 2 102 2 761 798 160 1334 1371 320
1139 6 2 102 2 118 904 788 183 1477 1361
1140 6 2 102 2 146 761 145 211 1334 210
1141 6 2 102 2 763 843 91 1336 1416 294
1142 6 2 102 2 747 796 773 1320 1369 1346
1143 6 2 102 2 101 788 100 304 1361 303
1144 6 2 102 2 147 825 798 212 1398 1371
1145 6 2 102 2 87 833 86 290 1406 289
1146 6 2 102 2 762 801 166 1335 1374 326
1147 6 2 102 2 754 863 144 1327 1436 209
1148 6 2 102 2 90 859 89 293 1432 292
1149 6 2 102 2 83 792 82 286 1365 285
1150 6 2 102 2 88 841 87 291 1414 290
1151 6 2 102 2 118 788 117 183 1361 182
1152 6 2 102 2 92 802 763 295 1375 1336
1153 6 2 102 2 148 825 147 213 1398 212
1154 6 2 102 2 775 894 874 1348 1467 1447
1155 6 2 102 2 142 791 141 207 1364 206
1156 6 2 102 2 747 867 854 1320 1440 1427
1157 6 2 102 2 131 871 765 196 1444 1338
1158 6 2 102 2 133 870 764 198 1443 1337
1159 6 2 102 2 771 885 781 1344 1458 1354
1160 6 2 102 2 27 803 771 249 1376 1344
1161 6 2 102 2 770 803 26 1343 1376 248
1162 6 2 102 2 766 804 18 1339 1377 240
1163 6 2 102 2 19 804 767 241 1377 1340
1164 6 2 102 2 767 805 20 1340 1378 242
1165 6 2 102 2 21 805 768 243 1378 1341
1166 6 2 102 2 768 806 22 1341 1379 244
1167 6 2 102 2 23 806 769 245 1379 1342
1168 6 2 102 2 769 807 24 1342 1380 246
1169 6 2 102 2 25 807 770 247 1380 1343
1170 6 2 102 2 874 894 129 1447 1467 194
1171 6 2 102 2 755 866 723 1328 1439 1296
1172 6 2 102 2 772 802 93 1345 1375 296
1173 6 2 102 2 749 859 774 1322 1432 1347
1174 6 2 102 2 150 903 149 215 1476 214
1175 6 2 102 2 140 820 756 205 1393 1329
1176 6 2 102 2 17 836 766 239 1409 1339
1177 6 2 102 2 774 819 749 1347 1392 1322
1178 6 2 102 2 731 828 779 1304 1401 1352
1179 6 2 102 2 760 823 125 1333 1396 190
1180 6 2 102 2 734 809 780 1307 1382 1353
1181 6 2 102 2 135 868 758 200 1441 1331
1182 6 2 102 2 781 838 29 1354 1411 251
1183 6 2 102 2 146 798 761 211 1371 1334
1184 6 2 102 2 758 902 844 1331 1475 1417
1185 6 2 102 2 784 826 728 1357 1399 1301
1186 6 2 102 2 142 896 791 207 1469 1364
1187 6 2 102 2 165 801 778 325 1374 1351
1188 6 2 102 2 812 826 721 1385 1399 1294
1189 6 2 102 2 94 821 772 297 1394 1345
1190 6 2 102 2 785 793 717 1358 1366 1290
1191 6 2 102 2 752 831 830 1325 1404 1403
1192 6 2 102 2 742 899 790 1315 1472 1363
1193 6 2 102 2 744 857 764 1317 1430 1337
1194 6 2 102 2 98 794 97 301 1367 300
1195 6 2 102 2 718 818 814 1291 1391 1387
1196 6 2 102 2 719 817 815 1292 1390 1388
1197 6 2 102 2 726 818 786 1299 1391 1359
1198 6 2 102 2 727 817 787 1300 1390 1360
1199 6 2 102 2 813 816 720 1386 1389 1293
1200 6 2 102 2 156 903 155 316 1476 315
1201 6 2 102 2 124 782 123 189 1355 188
1202 6 2 102 2 782 823 730 1355 1396 1303
1203 6 2 102 2 745 858 765 1318 1431 1338
1204 6 2 102 2 841 859 749 1414 1432 1322
1205 6 2 102 2 773 796 729 1346 1369 1302
1206 6 2 102 2 747 854 837 1320 1427 1410
1207 6 2 102 2 790 899 724 1363 1472 1297
1208 6 2 102 2 729 820 791 1302 1393 1364
1209 6 2 102 2 743 856 758 1316 1429 1331
1210 6 2 102 2 123 795 122 188 1368 187
1211 6 2 102 2 130 874 129 195 1447 194
1212 6 2 102 2 781 885 728 1354 1458 1301
1213 6 2 102 2 754 840 829 1327 1413 1402
1214 6 2 102 2 117 811 116 182 1384 181
1215 6 2 102 2 125 881 760 190 1454 1333
1216 6 2 102 2 783 821 95 1356 1394 298
1217 6 2 102 2 132 871 131 197 1444 196
1218 6 2 102 2 134 870 133 199 1443 198
1219 6 2 102 2 730 819 774 1303 1392 1347
1220 6 2 102 2 790 900 722 1363 1473 1295
1221 6 2 102 2 794 832 750 1367 1405 1323
1222 6 2 102 2 160 798 159 320 1371 319
1223 6 2 102 2 779 828 722 1352 1401 1295
1224 6 2 102 2 166 801 165 326 1374 325
1225 6 2 102 2 788 808 100 1361 1381 303
1226 6 2 102 2 780 809 173 1353 1382 333
1227 6 2 102 2 29 838 2 251 1411 12
1228 6 2 102 2 93 802 92 296 1375 295
1229 6 2 102 2 100 808 99 303 1381 302
1230 6 2 102 2 26 803 27 248 1376 249
1231 6 2 102 2 18 804 19 240 1377 241
1232 6 2 102 2 20 805 21 242 1378 243
1233 6 2 102 2 22 806 23 244 1379 245
1234 6 2 102 2 24 807 25 246 1380 247
1235 6 2 102 2 792 810 82 1365 1383 285
1236 6 2 102 2 136 868 135 201 1441 200
1237 6 2 102 2 844 902 720 1417 1475 1293
1238 6 2 102 2 778 801 732 1351 1374 1305
1239 6 2 102 2 782 847 733 1355 1420 1306
1240 6 2 102 2 115 876 114 180 1449 179
1241 6 2 102 2 730 847 782 1303 1420 1355
1242 6 2 102 2 143 799 142 208 1372 207
1243 6 2 102 2 101 811 788 304 1384 1361
1244 6 2 102 2 732 801 762 1305 1374 1335
1245 6 2 102 2 144 863 143 209 1436 208
1246 6 2 102 2 738 821 783 1311 1394 1356
1247 6 2 102 2 82 810 1 285 1383 11
1248 6 2 102 2 173 809 172 333 1382 332
1249 6 2 102 2 832 895 750 1405 1468 1323
1250 6 2 102 2 771 803 737 1344 1376 1310
1251 6 2 102 2 786 818 718 1359 1391 1291
1252 6 2 102 2 787 817 719 1360 1390 1292
1253 6 2 102 2 737 803 770 1310 1376 1343
1254 6 2 102 2 735 804 766 1308 1377 1339
1255 6 2 102 2 767 804 735 1340 1377 1308
1256 6 2 102 2 736 806 768 1309 1379 1341
1257 6 2 102 2 769 806 736 1342 1379 1309
1258 6 2 102 2 763 802 733 1336 1375 1306
1259 6 2 102 2 95 821 94 298 1394 297
1260 6 2 102 2 96 852 783 299 1425 1356
1261 6 2 102 2 733 802 772 1306 1375 1345
1262 6 2 102 2 778 848 164 1351 1421 324
1263 6 2 102 2 102 811 101 305 1384 304
1264 6 2 102 2 149 903 156 214 1476 316
1265 6 2 102 2 83 831 792 286 1404 1365
1266 6 2 102 2 772 821 738 1345 1394 1311
1267 6 2 102 2 137 880 777 202 1453 1350
1268 6 2 102 2 129 894 128 194 1467 193
1269 6 2 102 2 783 824 738 1356 1397 1311
1270 6 2 102 2 796 887 756 1369 1460 1329
1271 6 2 102 2 119 832 759 184 1405 1332
1272 6 2 102 2 723 866 789 1296 1439 1362
1273 6 2 102 2 784 839 746 1357 1412 1319
1274 6 2 102 2 164 848 163 324 1421 323
1275 6 2 102 2 125 823 124 190 1396 189
1276 6 2 102 2 814 846 718 1387 1419 1291
1277 6 2 102 2 788 811 117 1361 1384 182
1278 6 2 102 2 815 845 719 1388 1418 1292
1279 6 2 102 2 816 844 720 1389 1417 1293
1280 6 2 102 2 116 834 115 181 1407 180
1281 6 2 102 2 777 877 746 1350 1450 1319
1282 6 2 102 2 753 901 777 1326 1474 1350
1283 6 2 102 2 779 865 717 1352 1438 1290
1284 6 2 102 2 777 853 137 1350 1426 202
1285 6 2 102 2 2 860 174 12 1433 334
1286 6 2 102 2 759 904 119 1332 1477 184
1287 6 2 102 2 159 825 158 319 1398 318
1288 6 2 102 2 877 901 721 1450 1474 1294
1289 6 2 102 2 739 827 793 1312 1400 1366
1290 6 2 102 2 758 856 135 1331 1429 200
1291 6 2 102 2 764 857 133 1337 1430 198
1292 6 2 102 2 765 858 131 1338 1431 196
1293 6 2 102 2 791 820 141 1364 1393 206
1294 6 2 102 2 725 879 776 1298 1452 1349
1295 6 2 102 2 141 820 140 206 1393 205
1296 6 2 102 2 794 852 97 1367 1425 300
1297 6 2 102 2 729 872 773 1302 1445 1346
1298 6 2 102 2 746 902 868 1319 1475 1441
1299 6 2 102 2 791 861 729 1364 1434 1302
1300 6 2 102 2 797 884 139 1370 1457 204
1301 6 2 102 2 174 860 780 334 1433 1353
1302 6 2 102 2 745 878 874 1318 1451 1447
1303 6 2 102 2 124 823 782 189 1396 1355
1304 6 2 102 2 737 885 771 1310 1458 1344
1305 6 2 102 2 735 893 767 1308 1466 1340
1306 6 2 102 2 736 892 769 1309 1465 1342
1307 6 2 102 2 774 875 730 1347 1448 1303
1308 6 2 102 2 768 888 736 1341 1461 1309
1309 6 2 102 2 770 889 737 1343 1462 1310
1310 6 2 102 2 798 825 159 1371 1398 319
1311 6 2 102 2 793 827 717 1366 1400 1290
1312 6 2 102 2 861 896 732 1434 1469 1305
1313 6 2 102 2 738 864 795 1311 1437 1368
1314 6 2 102 2 762 861 732 1335 1434 1305
1315 6 2 102 2 84 831 83 287 1404 286
1316 6 2 102 2 874 878 775 1447 1451 1348
1317 6 2 102 2 777 901 877 1350 1474 1450
1318 6 2 102 2 103 834 102 306 1407 305
1319 6 2 102 2 172 835 171 332 1408 331
1320 6 2 102 2 746 853 777 1319 1426 1350
1321 6 2 102 2 740 826 812 1313 1399 1385
1322 6 2 102 2 733 847 763 1306 1420 1336
1323 6 2 102 2 809 835 172 1382 1408 332
1324 6 2 102 2 741 863 829 1314 1436 1402
1325 6 2 102 2 748 894 865 1321 1467 1438
1326 6 2 102 2 750 824 783 1323 1397 1356
1327 6 2 102 2 865 894 775 1438 1467 1348
1328 6 2 102 2 719 850 787 1292 1423 1360
1329 6 2 102 2 718 851 786 1291 1424 1359
1330 6 2 102 2 750 852 794 1323 1425 1367
1331 6 2 102 2 171 837 170 331 1410 330
1332 6 2 102 2 800 906 724 1373 1479 1297
1333 6 2 102 2 133 857 132 198 1430 197
1334 6 2 102 2 131 858 130 196 1431 195
1335 6 2 102 2 834 876 115 1407 1449 180
1336 6 2 102 2 102 834 811 305 1407 1384
1337 6 2 102 2 163 848 829 323 1421 1402
1338 6 2 102 2 829 863 754 1402 1436 1327
1339 6 2 102 2 135 856 134 200 1429 199
1340 6 2 102 2 839 902 746 1412 1475 1319
1341 6 2 102 2 162 840 161 322 1413 321
1342 6 2 102 2 760 897 819 1333 1470 1392
1343 6 2 102 2 760 881 800 1333 1454 1373
1344 6 2 102 2 16 836 17 238 1409 239
1345 6 2 102 2 838 860 2 1411 1433 12
1346 6 2 102 2 120 832 119 185 1405 184
1347 6 2 102 2 766 890 735 1339 1463 1308
1348 6 2 102 2 811 834 116 1384 1407 181
1349 6 2 102 2 791 896 861 1364 1469 1434
1350 6 2 102 2 777 880 753 1350 1453 1326
1351 6 2 102 2 783 852 750 1356 1425 1323
1352 6 2 102 2 784 877 721 1357 1450 1294
1353 6 2 102 2 741 848 778 1314 1421 1351
1354 6 2 102 2 168 842 167 328 1415 327
1355 6 2 102 2 128 855 127 193 1428 192
1356 6 2 102 2 91 843 90 294 1416 293
1357 6 2 102 2 830 869 752 1403 1442 1325
1358 6 2 102 2 868 902 758 1441 1475 1331
1359 6 2 102 2 138 880 137 203 1453 202
1360 6 2 102 2 759 832 794 1332 1405 1367
1361 6 2 102 2 717 878 785 1290 1451 1358
1362 6 2 102 2 745 846 785 1318 1419 1358
1363 6 2 102 2 744 845 786 1317 1418 1359
1364 6 2 102 2 743 844 787 1316 1417 1360
1365 6 2 102 2 119 904 118 184 1477 183
1366 6 2 102 2 799 896 142 1372 1469 207
1367 6 2 102 2 137 853 136 202 1426 201
1368 6 2 102 2 97 852 96 300 1425 299
1369 6 2 102 2 835 837 171 1408 1410 331
1370 6 2 102 2 748 865 779 1321 1438 1352
1371 6 2 102 2 170 854 169 330 1427 329
1372 6 2 102 2 813 885 737 1386 1458 1310
1373 6 2 102 2 737 889 816 1310 1462 1389
1374 6 2 102 2 736 888 815 1309 1461 1388
1375 6 2 102 2 825 862 158 1398 1435 318
1376 6 2 102 2 817 892 736 1390 1465 1309
1377 6 2 102 2 818 893 735 1391 1466 1308
1378 6 2 102 2 865 878 717 1438 1451 1290
1379 6 2 102 2 122 864 121 187 1437 186
1380 6 2 102 2 1 849 15 11 1422 237
1381 6 2 102 2 120 895 832 185 1468 1405
1382 6 2 102 2 139 884 138 204 1457 203
1383 6 2 102 2 127 905 126 192 1478 191
1384 6 2 102 2 780 860 740 1353 1433 1313
1385 6 2 102 2 742 869 830 1315 1442 1403
1386 6 2 102 2 752 869 828 1325 1442 1401
1387 6 2 102 2 746 877 784 1319 1450 1357
1388 6 2 102 2 787 850 743 1360 1423 1316
1389 6 2 102 2 786 851 744 1359 1424 1317
1390 6 2 102 2 751 906 800 1324 1479 1373
1391 6 2 102 2 850 870 743 1423 1443 1316
1392 6 2 102 2 851 871 744 1424 1444 1317
1393 6 2 102 2 785 878 745 1358 1451 1318
1394 6 2 102 2 121 895 120 186 1468 185
1395 6 2 102 2 126 881 125 191 1454 190
1396 6 2 102 2 789 907 723 1362 1480 1296
1397 6 2 102 2 158 862 157 318 1435 317
1398 6 2 102 2 728 898 781 1301 1471 1354
1399 6 2 102 2 795 864 122 1368 1437 187
1400 6 2 102 2 837 854 170 1410 1427 330
1401 6 2 102 2 724 906 790 1297 1479 1363
1402 6 2 102 2 732 896 799 1305 1469 1372
1403 6 2 102 2 723 907 797 1296 1480 1370
1404 6 2 102 2 781 898 838 1354 1471 1411
1405 6 2 102 2 169 867 168 329 1440 328
1406 6 2 102 2 842 872 762 1415 1445 1335
1407 6 2 102 2 103 876 834 306 1449 1407
1408 6 2 102 2 764 870 850 1337 1443 1423
1409 6 2 102 2 765 871 851 1338 1444 1424
1410 6 2 102 2 168 867 842 328 1440 1415
1411 6 2 102 2 735 890 814 1308 1463 1387
1412 6 2 102 2 747 887 796 1320 1460 1369
1413 6 2 102 2 104 876 103 307 1449 306
1414 6 2 102 2 775 878 865 1348 1451 1438
1415 6 2 102 2 810 849 1 1383 1422 11
1416 6 2 102 2 763 875 843 1336 1448 1416
1417 6 2 102 2 16 883 836 238 1456 1409
1418 6 2 102 2 86 873 85 289 1446 288
1419 6 2 102 2 838 898 740 1411 1471 1313
1420 6 2 102 2 121 864 824 186 1437 1397
1421 6 2 102 2 814 890 725 1387 1463 1298
1422 6 2 102 2 854 867 169 1427 1440 329
1423 6 2 102 2 828 886 752 1401 1459 1325
1424 6 2 102 2 792 882 810 1365 1455 1383
1425 6 2 102 2 731 882 792 1304 1455 1365
1426 6 2 102 2 739 849 810 1312 1422 1383
1427 6 2 102 2 751 900 790 1324 1473 1363
1428 6 2 102 2 15 883 16 237 1456 238
1429 6 2 102 2 720 839 813 1293 1412 1386
1430 6 2 102 2 742 873 833 1315 1446 1406
1431 6 2 102 2 789 901 753 1362 1474 1326
1432 6 2 102 2 728 885 813 1301 1458 1386
1433 6 2 102 2 849 883 15 1422 1456 237
1434 6 2 102 2 800 905 751 1373 1478 1324
1435 6 2 102 2 815 888 726 1388 1461 1299
1436 6 2 102 2 816 889 727 1389 1462 1300
1437 6 2 102 2 727 892 817 1300 1465 1390
1438 6 2 102 2 726 893 818 1299 1466 1391
1439 6 2 102 2 731 886 828 1304 1459 1401
1440 6 2 102 2 753 907 789 1326 1480 1362
1441 6 2 102 2 790 906 751 1363 1479 1324
1442 6 2 102 2 833 899 742 1406 1472 1315
1443 6 2 102 2 734 891 866 1307 1464 1439
1444 6 2 102 2 126 905 800 191 1478 1373
1445 6 2 102 2 155 903 150 315 1476 215
1446 6 2 102 2 830 873 742 1403 1446 1315
1447 6 2 102 2 797 907 753 1370 1480 1326
1448 6 2 102 2 755 837 835 1328 1410 1408
1449 6 2 102 2 757 899 833 1330 1472 1406
1450 6 2 102 2 836 879 766 1409 1452 1339
1451 6 2 102 2 824 895 121 1397 1468 186
1452 6 2 102 2 751 855 822 1324 1428 1395
1453 6 2 102 2 819 897 749 1392 1470 1322
1454 6 2 102 2 857 871 132 1430 1444 197
1455 6 2 102 2 828 869 722 1401 1442 1295
1456 6 2 102 2 812 891 734 1385 1464 1307
1457 6 2 102 2 858 874 130 1431 1447 195
1458 6 2 102 2 722 900 822 1295 1473 1395
1459 6 2 102 2 753 884 797 1326 1457 1370
1460 6 2 102 2 856 870 134 1429 1443 199
1461 6 2 102 2 847 875 763 1420 1448 1336
1462 6 2 102 2 842 867 773 1415 1440 1346
1463 6 2 102 2 833 873 86 1406 1446 289
1464 6 2 102 2 721 891 812 1294 1464 1385
1465 6 2 102 2 721 901 891 1294 1474 1464
1466 6 2 102 2 836 883 776 1409 1456 1349
1467 6 2 102 2 829 848 741 1402 1421 1314
1468 6 2 102 2 85 873 830 288 1446 1403
1469 6 2 102 2 792 886 731 1365 1459 1304
1470 6 2 102 2 824 864 738 1397 1437 1311
1471 6 2 102 2 810 882 739 1383 1455 1312
1472 6 2 102 2 800 881 126 1373 1454 191
1473 6 2 102 2 744 871 857 1317 1444 1430
1474 6 2 102 2 762 872 861 1335 1445 1434
1475 6 2 102 2 739 882 827 1312 1455 1400
1476 6 2 102 2 866 891 789 1439 1464 1362
1477 6 2 102 2 743 870 856 1316 1443 1429
1478 6 2 102 2 808 904 759 1381 1477 1332
1479 6 2 102 2 831 886 792 1404 1459 1365
1480 6 2 102 2 745 874 858 1318 1447 1431
1481 6 2 102 2 891 901 789 1464 1474 1362
1482 6 2 102 2 776 879 836 1349 1452 1409
1483 6 2 102 2 822 900 751 1395 1473 1324
1484 6 2 102 2 751 905 855 1324 1478 1428
1485 6 2 102 2 740 898 826 1313 1471 1399
1486 6 2 102 2 730 875 847 1303 1448 1420
1487 6 2 102 2 746 868 853 1319 1441 1426
1488 6 2 102 2 827 882 731 1400 1455 1304
1489 6 2 102 2 740 860 838 1313 1433 1411
1490 6 2 102 2 750 895 824 1323 1468 1397
1491 6 2 102 2 861 872 729 1434 1445 1302
1492 6 2 102 2 853 868 136 1426 1441 201
1493 6 2 102 2 826 898 728 1399 1471 1301
1494 6 2 102 2 773 872 842 1346 1445 1415
1495 6 2 102 2 725 890 879 1298 1463 1452
1496 6 2 102 2 843 875 774 1416 1448 1347
1497 6 2 102 2 880 884 753 1453 1457 1326
1498 6 2 102 2 720 902 839 1293 1475 1412
1499 6 2 102 2 855 905 127 1428 1478 192
1500 6 2 102 2 752 886 831 1325 1459 1404
1501 6 2 102 2 879 890 766 1452 1463 1339
1502 6 2 102 2 138 884 880 203 1457 1453
1503 6 2 102 2 6 110 109 8 175 312
1504 6 2 102 2 152 7 153 217 9 313
1505 6 2 102 2 107 112 106 310 177 309
1506 6 2 102 2 112 113 106 177 178 309
1507 6 2 102 2 108 111 107 311 176 310
1508 6 2 102 2 111 112 107 176 177 310
1509 6 2 102 2 109 110 108 312 175 311
1510 6 2 102 2 110 111 108 175 176 311
1511 6 2 102 2 150 151 155 215 216 315
1512 6 2 102 2 154 151 152 314 216 217
1513 6 2 102 2 155 151 154 315 216 314
1514 6 2 102 2 154 152 153 314 217 313
$EndElements
